0,1,2,3,label
-0.7410548,0.25912797,-0.53051245,0.037519515,1
-0.6913909,-0.55629957,-0.722134,0.029406756,0
-0.28695214,0.7264068,-0.79096913,-0.11957038,1
-0.4090435,0.048389405,-0.80845606,-0.08555125,1
-0.7922745,-0.6816683,-0.4508296,-0.25025937,0
-0.84940517,-0.21459332,-0.320149,-0.13425255,1
-0.6213231,-0.22355095,-0.7902255,0.03691277,0
-0.72313017,0.115831345,-0.50796294,-0.031484365,1
-0.92382175,-0.09447004,-0.15303272,-0.21766648,1
-0.81232214,-0.0045829862,-0.5161607,0.03815843,0
-0.91840196,-0.21454877,-0.1328643,-0.2675448,1
-0.85504377,-0.35115352,-0.25862157,-0.23418427,1
-0.37311086,-0.07807296,-0.76957846,-0.22898063,0
-0.10319275,-0.4533324,-0.34741077,-0.21440308,0
-0.7709311,-0.6407285,-0.53588724,-0.14047536,0
-0.94669294,-0.05938103,-0.044778913,-0.29043117,1
-0.6427016,0.57142097,-0.628511,0.1009019,1
-0.76943445,-0.64097816,-0.51393306,-0.16261593,0
-0.87172425,-0.15159042,-0.29698128,-0.14156803,1
-0.8645133,-0.2356584,-0.19268906,-0.3186731,1
-0.63712955,0.44931382,-0.6544887,0.06904973,1
-0.8201394,-0.24470676,-0.39816308,-0.09327918,1
-0.8449094,-0.51841307,-0.29518312,-0.28935137,0
-0.78188246,-0.35865667,-0.42243162,-0.14739513,1
-0.80954474,-0.13342074,-0.3890162,-0.13714418,0
-0.54421943,-0.2565633,-0.8166907,-0.0706828,0
-0.7563148,-0.27533004,-0.4261187,-0.16608283,1
-0.88271046,0.24244678,-0.26345736,-0.08145057,1
-0.78972876,-0.2936486,-0.4198624,-0.106910974,1
-0.7511316,-0.45519057,-0.4925438,-0.1285715,1
-0.36279982,0.30053475,-0.8217107,-0.14143498,0
-0.82611287,-0.0879942,-0.34926724,-0.1362119,1
-0.61848104,-0.25452456,-0.72516,-0.007148698,0
-0.7492846,0.23890752,-0.49971223,0.012033865,1
-0.722736,-0.5554556,-0.6130689,-0.06309168,0
-0.7394104,-0.2677695,-0.5006842,-0.08561429,0
-0.76574045,-0.3296196,-0.61004394,0.0014012381,0
-0.7114529,-0.48773757,-0.68870664,0.025803879,0
-0.83884054,-0.07904414,-0.35169613,-0.1315641,1
-0.5503792,0.18925565,-0.7120894,-0.15875131,0
-0.7375771,-0.5894351,-0.5515507,-0.106665276,1
-0.253016,-0.16354987,-0.80554694,-0.32467842,0
-0.8823754,-0.25139546,-0.19489911,-0.258892,1
0.041080356,0.21087855,-0.86208403,-0.37876943,0
-0.5720234,-0.23569913,-0.8012674,-0.01869236,0
-0.7635569,-0.4320534,-0.5546714,-0.048308857,0
-0.68040335,-0.27379137,-0.67714584,0.021557897,0
-0.2952606,-0.1688424,-0.9808414,-0.13724455,0
0.72316754,0.35496843,0.22556472,-0.47285858,0
-0.6962881,-0.04785496,-0.5940872,-0.029857852,0
-0.73371685,-0.3189091,-0.58955884,-0.041824095,0
-0.8858833,-0.29802087,-0.18058318,-0.2775784,1
-0.8910053,0.16143548,-0.27374446,-0.032389253,1
-0.762101,-0.41942835,-0.47901812,-0.1288185,1
-0.85824275,-0.20707448,-0.2699319,-0.16813472,1
-0.4709685,0.6225181,-0.77217823,0.028480798,1
-0.83898556,-0.3976614,-0.28148764,-0.24935296,1
-0.36191684,0.122406214,-0.9470836,-0.041234627,0
-0.91616243,-0.050232947,-0.11068165,-0.27206334,1
-0.59708375,-0.3624675,-0.7866005,0.03119798,0
-0.93381226,0.05684127,-0.15405104,-0.15119664,1
-0.84143454,0.2620037,-0.32302964,-0.052117918,1
-0.6722203,-0.17743772,-0.6664147,-0.02028253,0
-0.84564555,0.16374266,-0.29438737,-0.093791366,1
-0.52341455,-0.4437812,-0.8345008,-0.09644446,0
-0.70211816,-0.5992732,-0.70303786,-0.009109616,0
-0.67760724,0.6119126,-0.50124896,0.06915994,1
-0.6606228,-0.07965581,-0.5209402,-0.113393016,0
-0.77455604,-0.15280363,-0.509301,-0.022823915,1
-0.90189433,0.07062304,-0.18682954,-0.156823,1
-0.5167376,0.23532084,-0.8131248,0.042214185,0
-0.891603,-0.11594596,-0.19508713,-0.21453884,1
-0.82903934,-0.13610514,-0.35132915,-0.113386765,1
-0.15008509,0.0051872134,-0.7385433,-0.40690374,0
-0.7458076,-0.6267946,-0.6259212,-0.058386233,0
-0.23151937,-0.42260173,-0.38243556,-0.2565865,0
0.15602773,-0.08763438,-0.58956295,-0.28582937,0
-0.8665265,-0.2546945,-0.19524449,-0.26771998,1
-0.79150504,-0.3365671,-0.27447522,-0.32889384,1
-0.83421826,0.09944531,-0.33883405,-0.03064742,1
0.25467825,-0.09074484,-0.1209878,-0.13488694,0
-0.21116316,-0.27946854,-0.82989997,-0.35766464,0
-0.18399262,-0.463871,-0.7081966,-0.45631954,0
-0.9781858,0.14525157,-0.049284726,-0.2096489,1
0.6775447,-0.018254712,0.06077534,0.30775353,0
-0.7019184,-0.1759804,-0.64585775,0.004118949,0
-0.8891218,0.22015959,-0.25024527,-0.060449507,1
-0.82560074,-0.46610475,-0.44099087,-0.11564946,0
-0.6759571,0.7071253,-0.54749864,0.06550357,1
-0.79811805,0.058363706,-0.3910073,-0.051455222,1
-0.83319604,-0.2909457,-0.33990315,-0.18620968,1
-0.0034248233,-0.9202788,-0.032221943,0.62417156,0
0.27589917,-0.43993005,-0.039375216,0.51675653,0
-0.6166214,-0.36573607,-0.80136955,0.04109998,0
-0.8245608,-0.05339618,-0.37293822,-0.052691914,1
-0.8414434,0.16552547,-0.41008967,0.015715152,0
-0.8891332,0.15795323,-0.31211698,-0.016600624,1
-0.8102993,-0.3656556,-0.4141473,-0.12904932,1
-0.87229365,0.1897637,-0.19500384,-0.18161517,1
-0.094392836,-0.61193323,-0.5253628,-0.30272925,0
-0.72444606,-0.55213785,-0.62090564,-0.049416065,0
0.8009012,0.16107887,0.05305332,-0.16564341,0
-0.9010332,-0.33154345,-0.11962581,-0.34124386,1
0.6237533,0.25809994,-0.40133816,-0.6897897,0
-0.73791075,-0.18518643,-0.55199474,-0.019672781,1
-0.7379733,-0.0048355013,-0.49813062,-0.08905445,0
-0.7286435,-0.55669284,-0.59991705,-0.05878414,0
-0.9325174,-0.14665549,-0.10019049,-0.27350914,1
-0.7670467,-0.54112786,-0.544899,-0.098085284,0
-0.85920966,-0.29039562,-0.2432169,-0.23551777,1
-0.7330642,-0.5468588,-0.65823615,-0.0130614415,0
-0.76932603,-0.57301515,-0.45252052,-0.19787657,1
-0.67340916,0.08716926,-0.32612306,-0.2581393,1
-0.5926959,-0.45131966,-0.837335,0.014769703,0
-0.88766396,0.047014475,-0.18796241,-0.1633029,1
-0.79938537,-0.42070103,-0.3941547,-0.17344923,1
-0.77066773,-0.023998171,-0.45238233,-0.048961334,1
-0.83832204,-0.34952548,-0.31884807,-0.22685996,1
0.31839657,-0.6366662,0.27625418,0.5278347,0
-0.7348431,0.26870903,-0.3822863,-0.17488898,1
0.51938224,-0.48605573,0.03720671,0.06922336,0
-0.8665893,0.066248,-0.16013622,-0.2684695,1
-0.8769671,-0.26904368,-0.19041637,-0.26093894,1
-0.05987817,-0.032713413,-0.81991696,-0.25685912,0
-0.7284205,-0.19851959,-0.530952,-0.085294336,0
-0.7577963,-0.08990767,-0.6206162,0.09012304,0
-0.900793,-0.22496766,-0.171392,-0.23396677,1
-0.54020065,-0.5071854,-0.8587198,-0.0337672,0
-0.39637077,-0.129933,-0.90611964,-0.06709206,0
-0.7778157,0.40814668,-0.42407954,0.02418159,1
-0.27019703,-0.16972816,-0.50880164,-0.33550027,0
-0.7388248,-0.6343331,-0.58221996,-0.10349688,0
-0.8000108,-0.28372818,-0.41598615,-0.119659856,1
-0.5272447,0.033434957,-0.82359934,0.000763841,0
-0.5628611,0.49733764,-0.6057471,0.057473347,1
-0.68940884,-0.5489123,-0.6794244,-0.03700336,1
-0.7475091,0.05475813,-0.46879303,-0.027738713,1
-0.017927587,-0.54344934,-0.3174562,-0.20822583,0
-0.8662805,-0.26665753,-0.2734813,-0.19053674,1
-0.78635776,0.17479911,-0.38428324,-0.07388859,1
-0.8914664,0.023374125,-0.27009076,-0.085079804,1
-0.3958539,-0.16200487,-0.8452182,-0.22945666,0
-0.86006033,-0.32129773,-0.33891863,-0.17889841,1
-0.7954463,-0.4877198,-0.34559146,-0.24896085,1
-0.75746775,-0.28390136,-0.4574348,-0.12778074,1
-0.7214072,0.06619856,-0.49220237,-0.14057803,0
-0.51531124,-0.02303034,-0.81687,-0.010361351,0
-0.69078755,-0.26940992,-0.6813904,0.034870222,0
-0.7697126,-0.17277104,-0.5300533,-0.032853737,1
-0.49486297,-0.35400322,-0.8768741,-0.07035602,0
0.33762407,0.0892621,-0.4679023,-0.4594361,0
-0.8892989,-0.26350716,-0.11265683,-0.36220017,1
-0.7563574,0.36015725,-0.52129424,0.06661844,0
-0.7451879,-0.7203326,-0.5451594,-0.1773234,0
-0.8536125,-0.19349724,-0.29147154,-0.16847864,1
-0.23785752,-0.6887009,-0.4921351,-0.13548115,0
-0.7511741,-0.3549196,-0.5384612,-0.0658975,0
0.13998389,-0.15314399,-0.10581386,-0.648663,0
-0.7589596,-0.2250063,-0.5423785,-0.030351952,0
-0.84617877,-0.31002396,-0.21519268,-0.51795113,1
-0.86099523,-0.018916458,-0.2637084,-0.1507295,1
-0.5627322,-0.35100865,-0.8284539,0.033652097,0
-0.49457717,0.2656722,-0.8797581,0.070374265,0
-0.8350656,-0.36048144,-0.33560574,-0.19234309,1
-0.8217744,0.038134918,-0.3813596,-0.042674467,1
-0.7359429,0.20992836,-0.3333303,-0.16433275,1
-0.6058824,-0.16777773,-0.703853,-0.055687424,0
-0.8741768,-0.022761092,-0.24051945,-0.1526823,1
-0.94094956,0.16726813,-0.119651526,-0.14321211,1
-0.5867083,-0.3563723,-0.8232392,0.01794985,0
-0.7194532,-0.674446,-0.61744183,-0.102783516,0
-0.8380931,-0.20368265,-0.293572,-0.21779214,1
0.10606301,-0.3397593,-0.168825,-0.25342345,0
-0.7726667,-0.6390029,-0.53347504,-0.1473788,0
-0.7735206,-0.08184658,-0.4466662,-0.055301882,1
-0.25227287,-0.20360866,-0.7387672,-0.26466212,0
-0.70327115,-0.6213163,-0.6936088,-0.020781562,0
0.22942871,-0.5682058,-0.25847626,-0.13502926,0
-0.90125585,0.14821768,-0.28379202,-0.06406137,0
0.0107584,-0.050322592,-0.6388525,-0.30106023,0
-0.79348266,-0.3981446,-0.46951154,-0.1200451,1
-0.67026275,-0.40709487,-0.65744555,-0.034168616,1
-0.7034616,0.5308443,-0.50567305,0.059126794,1
-0.87783283,-0.07228671,-0.30422807,-0.10369454,1
-0.15065569,0.03762637,-0.8991915,-0.21311799,0
-0.7394241,-0.7184891,-0.53008795,-0.2129392,0
-0.41840494,0.1960795,-0.68699014,-0.27620178,0
-0.6573161,-0.005845025,-0.6896508,-0.005465783,0
-0.7593176,-0.23185489,-0.5081384,-0.041659765,1
-0.747485,-0.395763,-0.526839,-0.08897156,0
-0.8369864,0.34578997,-0.29946354,-0.09518231,1
-0.8082057,-0.45788348,-0.30707148,-0.26258922,1
-0.7678755,-0.40390307,-0.5947463,-0.014576331,0
-0.8539016,-0.4118557,-0.24122149,-0.28347033,1
-0.74665374,-0.3682711,-0.61307293,0.007855646,0
-0.796243,0.22673619,-0.26734596,-0.22028637,1
-0.63027495,-0.036540583,-0.75099736,0.066561684,0
0.0030379295,-0.20934601,-0.39621884,-0.26515698,0
-0.74697876,-0.24906257,-0.5394136,-0.04063414,1
-0.83145547,-0.38197735,-0.35651138,-0.17189018,1
-0.73199004,-0.30115527,-0.6031429,-0.011727989,0
-0.19478941,0.30653906,-0.5649795,-0.45148945,0
-0.87528294,-0.35090297,-0.17059818,-0.3392188,1
0.24074125,-0.42952108,-0.29335168,-0.16820614,0
-0.2866387,0.13755783,-0.83399856,-0.2721706,0
-0.7902539,-0.022607535,-0.4850023,-0.03429412,0
-0.8536624,-0.04655026,-0.32308978,-0.09858369,1
-0.84533733,0.41134846,-0.32170504,-0.0128469765,1
-0.91183835,-0.052807063,-0.123474896,-0.24403375,1
-0.6838688,-0.5553612,-0.6478607,-0.082891665,1
-0.7932504,-0.43410772,-0.4576247,-0.12716378,0
-0.23032421,-0.6389643,-0.22846813,0.4203208,0
-0.8583779,-0.27765346,-0.1753234,-0.3321061,1
-0.70957196,-0.4842032,-0.6812566,-0.021669209,0
-0.6938791,-0.004834935,-0.62329817,0.046955943,0
-0.22535774,-0.45764762,-0.76895416,-0.33075845,0
-0.04865539,-0.6738509,-0.40158498,-0.20924808,0
-0.7359673,-0.6461437,-0.58947945,-0.10384616,0
-0.69600034,-0.0698846,-0.6495965,0.02471985,0
-0.51605606,-0.1510874,-0.7374077,-0.059802704,1
-0.6738926,-0.116786614,-0.66059005,0.0093859285,0
-0.46388912,-0.29012173,-0.86660695,-0.13180993,0
-0.658661,-0.4901191,-0.7916455,0.037315264,0
-0.7287844,-0.23559633,-0.3750056,-0.2703719,1
-0.8749948,-0.29624814,-0.24428602,-0.21031183,1
-0.62303996,0.42280394,-0.602149,0.07644674,1
-0.86061275,-0.09744411,-0.2405321,-0.162625,1
-0.96752775,-0.030240953,0.026479274,-0.37841624,1
-0.6924453,0.13264829,-0.522448,-0.017669812,1
-0.54433125,-0.5707642,-0.8724168,-0.046646446,0
0.4329176,-0.5286475,0.18737596,0.41865087,0
0.17117262,-0.650499,-0.01469627,0.108943,0
-0.79020876,-0.06027057,-0.26887357,-0.21939823,1
-0.8468699,-0.32361692,-0.27959087,-0.21740155,1
-0.8305195,0.2669457,-0.39243507,-0.011677183,1
-0.5143698,0.08213413,-0.72881395,-0.09714293,0
-0.3461408,0.17960548,-0.8084254,-0.11510501,0
-0.4065897,-0.41566163,-0.8346058,-0.17381506,0
-0.36364412,-0.31630093,-0.75559086,-0.23620118,0
0.50964856,-0.35856703,0.9999999,0.89961135,0
-0.77511513,0.19078586,-0.40392834,-0.014815845,1
-0.59255576,0.4829787,-0.4941338,-0.0783132,1
-0.8552313,-0.19767009,-0.2792788,-0.18412286,1
-0.683194,-0.109056816,-0.56593907,-0.009015001,1
-0.82023,-0.09984334,-0.43557492,-0.0442222,0
-0.79882485,-0.031205565,-0.4577964,-0.035491094,0
-0.8266606,-0.43661588,-0.33506528,-0.22299846,1
-0.7027714,-0.46369228,-0.6969931,0.009644069,0
-0.71991706,-0.35937238,-0.5667463,-0.079856314,1
-0.89487237,-0.116999835,-0.21845543,-0.18655983,1
-0.73289406,-0.25975966,-0.515059,-0.10301337,0
-0.75889117,-0.40199733,-0.5250095,-0.09115259,1
-0.20371053,-0.20719321,-0.89910424,-0.22517018,0
-0.43821925,-0.24688174,-0.6547915,-0.19772404,1
-0.62256175,-0.40355814,-0.8175813,0.07491629,0
-0.7669393,-0.6193116,-0.50160635,-0.17911774,0
-0.92684066,0.19570991,-0.18512282,-0.07880716,1
-0.7308888,-0.52682763,-0.6217129,-0.06499934,0
-0.89149576,-0.23713124,-0.17992705,-0.24487834,1
-0.6530521,0.09689784,-0.59412384,-0.010682508,1
-0.7339952,-0.26409417,-0.589518,-0.026936822,0
-0.3118152,-0.5063251,-0.78911185,-0.2924569,0
-0.68956155,-0.21956724,-0.5579229,-0.123560965,1
-0.587483,0.22330448,-0.8051984,0.103457004,0
-0.54869133,0.2137872,-0.6847813,0.018264204,1
-0.6934674,-0.35275918,-0.5921606,-0.089159645,0
-0.93581843,-0.22500163,-0.086318046,-0.30571717,1
-0.47868,-0.104560256,-0.79725915,-0.13474792,0
0.4228053,-0.082165875,-0.204945,-0.11535361,0
-0.72602797,0.22104663,-0.4588491,-0.03830853,1
-0.6252949,-0.1435909,-0.67773414,-0.051387772,0
0.13721353,-0.30301,-0.43936434,-0.3439516,0
-0.6785798,0.28242993,-0.47906372,-0.020708218,1
-0.82287973,-0.29297423,-0.24276046,-0.3071612,1
-0.75701517,-0.21235986,-0.45328757,-0.20557792,0
-0.91929615,0.0818952,-0.21377909,-0.09322198,1
-0.5733748,0.25292876,-0.6454023,0.02999258,1
-0.8997917,-0.06509644,-0.2038588,-0.13738681,1
-0.80626523,-0.48493144,-0.3497988,-0.23712415,1
-0.8502184,0.0007956922,-0.38475183,-0.051359236,1
-0.89896095,-0.04195267,-0.20218417,-0.16269977,1
-0.77917033,0.0332312,-0.49328184,-0.00011318177,1
-0.86623013,-0.10194492,-0.20995837,-0.18109918,1
0.5070292,0.046744913,-0.2463953,-0.18708223,0
-0.84260815,-0.19134833,-0.44261956,-0.049699254,0
-0.746389,-0.032825857,-0.52424866,-0.0103707835,0
-0.7720194,-0.28729528,-0.48484793,-0.08250061,0
-0.78883284,-0.17848055,-0.48445413,-0.0391974,0
-0.73136324,-0.17602465,-0.62819797,0.05271116,0
-0.8484343,-0.27407876,-0.28452033,-0.18467386,1
-0.6696692,-0.3771258,-0.68903893,0.0112672895,0
-0.71796876,-0.023616761,-0.5537499,-0.018056832,0
-0.77474463,-0.46922788,-0.4671148,-0.15124048,1
-0.71669793,-0.25603855,-0.50956404,-0.10771781,0
-0.8606528,0.08239046,-0.3055631,-0.058990564,1
-0.642929,0.009648666,-0.54253256,-0.02383171,1
-0.6425527,-0.036553428,-0.49946785,-0.36825404,1
-0.82496613,-0.4380094,-0.3268088,-0.24413393,1
-0.82670254,-0.21840478,-0.44111216,-0.022054069,0
-0.26994547,-0.3043092,-0.58771765,-0.34746552,0
-0.42687494,0.4974531,-0.7356428,-0.021820113,1
-0.48515326,-0.26682544,-0.73795956,-0.20734006,0
-0.8194805,-0.22134134,-0.3556742,-0.14753756,1
-0.13122189,-0.0024921447,-0.7534189,-0.30457133,0
-0.7542032,-0.6456243,-0.5173359,-0.16945654,0
-0.7981752,-0.38299882,-0.40162396,-0.16427165,1
-0.7713619,-0.4592514,-0.44602996,-0.17343034,1
-0.7646413,-0.6967841,-0.49416262,-0.21557654,0
0.18690372,-0.1810093,0.17990935,0.046027526,0
-0.7466012,-0.34833848,-0.5541198,-0.020502709,0
-0.73539937,-0.6303097,-0.58715546,-0.11006879,0
-0.60788345,0.117908865,-0.6422649,-0.083964385,0
-0.7467423,0.2510678,-0.4208022,-0.007555075,1
-0.6866001,-0.84031314,-0.6550058,-0.18267745,0
-0.6204247,0.072633654,-0.62730515,0.020016223,1
-0.74311626,-0.2748711,-0.4930141,-0.113014325,1
-0.73515224,-0.4999486,-0.61733955,-0.046749942,0
-0.44769937,0.027785763,-0.64209354,-0.12739454,0
-0.6973845,-0.24891979,-0.58824587,-0.04612352,0
-0.85040617,-0.31607446,-0.2727406,-0.23131408,1
-0.84503126,-0.36796486,-0.26393193,-0.24597213,1
-0.7688559,-0.47892702,-0.53724164,-0.07025571,0
-0.2852173,-0.488124,-0.6989919,-0.2945593,0
-0.026756704,0.13780266,-0.7486429,-0.30863315,0
-0.88921595,-0.1638306,-0.17196843,-0.23818493,1
-0.8149184,0.06413883,-0.3843013,-0.029907584,1
-0.7176992,0.0072851926,-0.5240989,-0.051969796,1
-0.74994683,-0.30526656,-0.5622819,-0.025973774,1
0.08434272,-0.43554398,-0.32797632,-0.4078526,0
-0.30823037,-0.30084252,-0.6755226,-0.34485584,0
-0.7201288,-0.5863644,-0.5740904,-0.10551698,0
-0.723167,-0.6418133,-0.63863087,-0.08231657,0
0.025545478,-0.31211406,-0.63956094,-0.4091657,0
-0.9344069,-0.04682955,-0.08489668,-0.2659803,1
-0.67381054,-0.13833214,-0.57132393,-0.07213191,1
-0.78860277,-0.20214687,-0.3578864,-0.18018067,1
-0.8194938,-0.4496762,-0.303933,-0.25469893,1
-0.51719326,0.55582815,-0.5806108,-0.138121,1
-0.5018168,0.19202286,-0.79868436,-0.030485056,0
-0.321768,-0.04836157,-0.76667273,-0.20238304,0
-0.70278245,-0.44830963,-0.5443103,-0.10750274,1
-0.7905763,-0.32685366,-0.50639844,-0.04227773,0
-0.8614907,-0.2878496,-0.22912836,-0.2566924,1
-0.8928138,-0.06902234,-0.2099267,-0.16643655,1
-0.3658345,0.7814691,-0.6715994,-0.14788072,1
-0.90072966,-0.31730598,-0.17065048,-0.27277434,1
-0.75710225,-0.65723133,-0.5317029,-0.15598057,0
-0.6625559,0.07163608,-0.64825183,0.034338683,1
-0.7974102,-0.4225958,-0.3745706,-0.20038274,1
-0.11239523,0.12991834,-0.8680611,-0.22890127,0
-0.79954296,-0.33018804,-0.5521614,0.005323872,0
0.39035833,-0.47716358,-0.070248485,-0.044529386,0
-0.8161639,-0.34102434,-0.4076067,-0.13760392,0
-0.6996781,-0.29255402,-0.57227236,-0.087055385,1
-0.7528575,-0.6033665,-0.5579202,-0.11200424,0
-0.42836404,0.5683483,-0.8041014,-0.025858752,1
-0.8490003,-0.39534214,-0.28876412,-0.22796032,1
-0.8831951,-0.21881372,-0.22280562,-0.2053749,1
-0.5251623,0.54570925,-0.45079076,-0.044101425,1
-0.7813272,0.3104135,-0.45971754,0.059845,1
-0.66740143,0.17600644,-0.5774538,0.015892953,1
-0.5551395,0.48436385,-0.6067151,-0.023092657,1
-0.7254238,-0.39738455,-0.61698866,-0.00038430095,0
-0.5056945,0.07620421,-0.834213,0.03924705,0
-0.7780908,-0.15539029,-0.53651106,0.032195196,0
-0.71151334,0.08225727,-0.55728495,0.018140212,1
-0.8852522,0.2651925,-0.10071018,-0.21233624,1
-0.50844073,0.4975912,-0.6688405,-0.13411948,0
-0.8662846,-0.2319445,-0.2124958,-0.2302481,1
-0.7779106,-0.31275755,-0.4924646,-0.056096252,0
-0.70286417,0.2767288,-0.3821781,-0.10618561,1
-0.8867489,0.36609906,-0.24783741,-0.115482934,1
-0.61912805,0.36382478,-0.5220256,0.011674166,1
-0.8262056,-0.2650072,-0.41688493,-0.07413249,0
-0.95152396,0.010566652,-0.031067163,-0.29212692,1
-0.82647955,-0.36872792,-0.40444973,-0.12312354,0
-0.83008206,-0.34788352,-0.304312,-0.20900938,1
-0.8319232,-0.048929974,-0.30762693,-0.15064913,1
-0.50257903,-0.4312811,-0.9004897,-0.04898543,0
-0.78050077,0.022770196,-0.52656454,0.037392676,0
-0.31744322,-0.1372355,-0.90210855,-0.17090346,0
-0.80282474,-0.45095852,-0.3434264,-0.22424906,1
-0.7988057,-0.4296863,-0.4421164,-0.18412875,0
-0.14858672,-0.09607399,-0.637323,-0.49486712,0
-0.75405383,-0.16351625,-0.45570266,-0.095557906,1
-0.78620404,-0.5675807,-0.48766422,-0.1436972,0
-0.816677,0.18744886,-0.43200064,-0.031675898,1
-0.81083053,-0.33860993,-0.4042912,-0.14986838,1
-0.7574757,-0.53565264,-0.5708133,-0.06952849,0
-0.7315882,-0.5010015,-0.6264354,-0.016497813,0
-0.68987554,-0.16481571,-0.61606663,-0.018521994,1
-0.70388436,-0.014912263,-0.4912705,-0.10388869,0
-0.8094691,-0.37240523,-0.46252108,-0.072484285,0
0.07967752,0.38981175,-0.20649803,-0.7002355,0
-0.6874651,0.13141531,-0.5119716,-0.008996464,1
-0.78786945,0.20566717,-0.45929193,-0.013536409,1
-0.82685184,0.14770424,-0.40886906,0.009564787,1
-0.7434187,-0.32295084,-0.4955208,-0.08764901,0
-0.81655025,-0.0022626966,-0.35288835,-0.1135675,0
-0.7079729,-0.58012426,-0.673,-0.025878645,0
0.704031,-0.010158151,0.18584871,-0.24416047,0
-0.80076575,-0.40993026,-0.3346174,-0.2495853,1
-0.5300307,-0.15058172,-0.68397164,-0.13323614,1
-0.5487048,-0.3513231,-0.7956105,-0.06882249,0
-0.6994324,-0.4219386,-0.7113928,0.03462547,0
-0.17938662,-0.21029492,-0.5772807,-0.14103125,0
0.4886304,0.19364628,-0.49106187,-0.591868,0
-0.764651,-0.31912106,-0.454363,-0.14459862,1
-0.36123767,-0.5518154,-0.7688991,-0.24757352,0
-0.7854642,-0.06985231,-0.41402668,-0.046491712,1
-0.8609861,-0.14866433,-0.3038168,-0.12548333,1
-0.8601089,-0.03757505,-0.32111064,-0.1273905,1
-0.8795407,-0.09507352,-0.22158766,-0.1908285,1
-0.4534874,-0.27124792,-0.8849442,-0.0938033,0
-0.8226219,-0.42654884,-0.32179263,-0.22956795,1
-0.06751692,0.20988178,-0.3576387,-0.33665568,0
-0.5032283,0.6462082,-0.781853,0.068554044,1
-0.13567114,-0.851659,-0.17014799,0.47335452,0
0.087990105,-0.10901013,-0.59109336,-0.47651765,0
-0.8186749,-0.11132608,-0.4655671,0.0015973523,0
-0.21644887,0.5141434,-0.9434852,-0.07395196,0
-0.75423765,-0.42685315,-0.5964941,-0.02531495,0
-0.82447606,0.2389291,-0.41984788,0.02842249,1
-0.65270656,-0.25737768,-0.59982145,-0.07040733,1
-0.78449553,-0.2263383,-0.4463329,-0.10373744,1
-0.6478227,0.32519197,-0.521139,-0.018985525,1
-0.7147847,-0.63639677,-0.62208307,-0.0900175,0
-0.2678439,-0.5575191,-0.69016284,-0.35029343,0
0.38950717,-0.18504849,-0.2740271,-0.3793413,0
-0.7014556,-0.04574205,-0.547478,-0.049195223,1
-0.7142572,-0.6523826,-0.5809709,-0.13630721,1
-0.75963974,-0.26529363,-0.58838105,-0.0034251064,0
-0.7540757,0.35998136,-0.39897797,0.026008293,1
-0.8597647,0.1798409,-0.3855508,-0.00041944534,0
0.030236542,0.02055341,-0.29165938,-0.7927412,0
-0.4662742,-0.33562875,-0.8595091,-0.11900175,0
-0.7717639,-0.2721108,-0.4707818,-0.095654175,1
-0.7285796,-0.540344,-0.59122556,-0.071758166,0
-0.8271202,-0.21338138,-0.3163947,-0.16447638,1
-0.85048914,0.21805489,-0.2714895,-0.14501116,0
-0.72855896,-0.57238334,-0.6143327,-0.05813902,0
-0.83584094,0.25463113,-0.26654586,-0.12274263,1
-0.79059696,-0.47829705,-0.48063126,-0.13025272,0
-0.6886937,-0.35451084,-0.6423297,-0.06639868,0
-0.73922276,-0.27483827,-0.54649425,-0.07199673,1
-0.83014226,-0.013491496,-0.34156746,-0.059812322,1
-0.7915661,-0.3935982,-0.34558308,-0.22182523,1
-0.6060305,-0.22944531,-0.7000884,-0.050485224,0
-0.89401233,0.3226226,-0.27343306,-0.033049405,1
-0.6832627,-0.5919684,-0.72738534,0.011016026,0
-0.8568306,-0.2947827,-0.25936776,-0.21981558,1
-0.79827,0.104662925,-0.40846252,-0.028399244,1
-0.46149707,0.88727653,-0.71529955,0.029974729,1
-0.815924,-0.5390587,-0.4447857,-0.16159843,0
-0.7338253,-0.16203357,-0.57982457,-0.019715711,0
-0.88786995,-0.22311148,-0.2563243,-0.18623756,1
-0.70009345,-0.43997997,-0.6706906,0.003889136,0
-0.65240526,-0.39075762,-0.6629844,-0.062655285,1
-0.88733983,-0.12069895,-0.22009996,-0.1879108,1
-0.09784967,-0.46869063,-0.4171218,-0.2803176,0
-0.7086828,-0.35648477,-0.6863538,0.052049905,0
-0.90268445,-0.25026855,-0.1574449,-0.2645193,1
-0.6440056,-0.6731191,-0.7628319,-0.0383783,0
-0.731967,0.021621749,-0.45285195,-0.015343629,1
-0.6569164,-0.5066452,-0.7647449,0.014036208,0
-0.8005339,-0.29815304,-0.3935514,-0.14532565,1
-0.82722557,0.022450969,-0.4019292,-0.0060344487,1
-0.69011754,-0.030966148,-0.66098523,0.07180941,0
-0.85392314,-0.32965672,-0.2783136,-0.21702118,1
-0.41067463,-0.5035752,-0.8037728,-0.24196081,0
-0.70601124,-0.13224533,-0.65111214,0.043531224,0
-0.3321921,-0.56257,-0.7179895,-0.29840475,0
-0.8862835,0.33880645,-0.2279597,-0.08873414,1
-0.023080766,-0.025404617,-0.28710717,-0.550987,0
-0.87362766,-0.35189766,-0.31501225,-0.18575579,1
-0.9005716,-0.0534326,-0.24977373,-0.11042449,1
0.15902513,0.025718138,-0.7492213,-0.64834136,0
-0.82562256,-0.30575612,-0.35136193,-0.16753522,1
0.114658296,-0.79823977,0.04494834,0.39615923,0
-0.7553084,-0.37330577,-0.5649953,-0.029722787,0
-0.91975737,-0.067820475,-0.1933761,-0.1664448,1
-0.8865882,0.113290906,-0.22345532,-0.112169385,1
-0.5914915,-0.30698538,-0.8334918,0.017195031,0
-0.87612903,-0.0023421198,-0.23372495,-0.12072835,1
0.10804856,-0.43675017,-0.5535368,-0.11984949,0
-0.8308299,-0.2640497,-0.454936,-0.034392327,0
-0.6541103,-0.5869939,-0.74041134,-0.024822518,0
-0.783424,-0.4053798,-0.50067997,-0.11005024,0
-0.5481457,-0.10530734,-0.7474755,-0.022144206,1
-0.78175503,-0.25593877,-0.41600242,-0.16520157,1
-0.60423964,-0.3719279,-0.76592886,-0.009325661,0
0.043914378,0.3643046,-0.34349692,-0.24115157,1
-0.45174104,-0.5283698,-0.6977023,-0.28681928,0
-0.36298817,-0.5233412,-0.835361,-0.27270824,0
-0.5903688,0.70820314,-0.6723265,0.07700087,1
-0.6870091,-0.16412602,-0.61531305,-0.048729196,0
-0.7699573,-0.46566162,-0.4834374,-0.12461681,0
-0.38824606,-0.017664418,-0.64717305,-0.12288594,1
-0.8724478,-0.18227054,-0.31368,-0.09405338,0
-0.79269147,-0.44447583,-0.3430155,-0.24259882,1
-0.71426284,-0.41148672,-0.6710263,0.01804635,0
-0.581615,-0.19308041,-0.80981827,0.019071907,0
-0.57577914,0.36433506,-0.66450787,-0.040231213,0
-0.8243792,-0.4059464,-0.3050604,-0.23053528,1
-0.79482967,0.17059237,-0.36025554,-0.07647139,1
-0.73811454,-0.021995768,-0.49414778,-0.063105956,0
-0.83699656,-0.20168729,-0.27059746,-0.1815464,1
-0.0021321177,-0.48926315,-0.26009765,-0.24317518,0
-0.7019495,0.6856901,-0.5329813,0.06275883,1
-0.7128571,0.35234684,-0.45570505,0.017364219,1
-0.7660615,-0.13706948,-0.59619355,0.057604805,0
-0.8567189,0.3330052,-0.31650662,-0.0064073727,1
-0.69885373,-0.43152216,-0.610204,-0.08686144,1
-0.18959722,-0.42751044,-0.67412865,-0.3792865,0
-0.83989525,-0.3463373,-0.32145306,-0.18398243,1
-0.81063473,-0.2422671,-0.37037024,-0.14234187,1
-0.72987896,-0.12698741,-0.4897459,-0.10220119,0
-0.7160396,-0.44223478,-0.6178162,-0.040919274,1
-0.5847969,-0.57672644,-0.8381077,-0.04556515,1
-0.7035586,-0.11699501,-0.6348007,-0.006138116,0
-0.037286878,-0.48622212,-0.581321,-0.29755738,0
-0.47439325,0.17943889,-0.75643516,-0.09422902,0
-0.62364936,-0.20899302,-0.7872524,0.045940667,0
-0.93617576,0.059904143,-0.18227494,-0.106080726,1
-0.44805828,0.2183918,-0.7521461,0.00048620254,1
-0.7219403,-0.5950546,-0.6234619,-0.06324119,0
-0.9211129,0.028813109,-0.21970889,-0.11085914,1
-0.74292815,-0.7423125,-0.53513783,-0.21008521,0
-0.84754616,-0.27620596,-0.27257168,-0.2192645,1
-0.72072244,-0.030495584,-0.54973364,-0.03830518,0
-0.75783014,-0.51969004,-0.4907403,-0.15003364,1
-0.8740783,-0.17770489,-0.25848332,-0.17263153,1
-0.5883851,-0.2412568,-0.7836509,0.002237998,0
-0.70648634,-0.6521145,-0.6535029,-0.065535516,0
-0.87110496,-0.2256087,-0.23874554,-0.22292578,1
-0.87598276,-0.3074084,-0.15286988,-0.31317866,1
-0.7805591,-0.4789746,-0.4662789,-0.15041472,0
-0.72942114,0.20113754,-0.48002234,0.029860228,1
-0.7490699,-0.4604842,-0.5879292,-0.030927464,0
-0.15088332,-0.39720005,-0.46568048,-0.45725554,0
0.22663927,-0.7844408,0.17897516,0.4053551,0
-0.8351598,-0.36032265,-0.27412242,-0.24545881,1
-0.6189871,-0.5970789,-0.7840431,-0.033105172,0
-0.746046,-0.09376464,-0.51642233,-0.055911746,1
-0.7372139,-0.7423101,-0.55621403,-0.19444516,0
-0.24780351,-0.31531826,-0.60447454,-0.27409786,0
-0.7568665,-0.5325726,-0.4984926,-0.13246742,1
-0.74916005,-0.7252411,-0.55851984,-0.1747253,0
-0.8053899,-0.3405757,-0.3549683,-0.21736774,1
-0.83907306,-0.25936344,-0.31155705,-0.18707183,1
-0.48187828,-0.22991273,-0.7879013,-0.10915672,0
-0.808933,-0.1430386,-0.44570678,-0.033697806,1
-0.835703,-0.5744599,-0.39251807,-0.2506594,0
-0.59091085,0.2793589,-0.6980586,-0.008631207,0
-0.72136223,-0.67649305,-0.59415865,-0.12551168,0
-0.5931726,-0.22042154,-0.73492956,-0.01990284,0
-0.8754952,-0.08042432,-0.29899776,-0.09367179,1
-0.41868123,-0.19533555,-0.76630706,-0.25285792,0
-0.74436516,-0.28235978,-0.605577,0.03558816,1
-0.89339674,-0.10224053,-0.23283911,-0.14047399,1
-0.799903,-0.37032342,-0.4214204,-0.14185004,1
-0.735242,-0.40933478,-0.5540139,-0.067916594,1
-0.2972322,-0.51969767,-0.6912522,-0.34972906,0
-0.8310591,-0.29397774,-0.29436284,-0.22552702,1
-0.5700519,0.513599,-0.6386686,0.028934404,1
-0.70298517,0.014380902,-0.6399367,0.031357765,0
-0.15115225,-0.28345123,-0.66860604,-0.19598901,0
-0.7560278,-0.48086572,-0.5387736,-0.087615095,0
0.23634559,-0.5413109,0.20082778,0.52762014,0
-0.68704194,-0.66742903,-0.65371776,-0.094914876,0
-0.7964959,0.06899318,-0.427731,-0.04905638,1
-0.6652919,-0.31026688,-0.66673595,-0.057627577,1
-0.83891445,-0.44011936,-0.28212225,-0.2625947,1
-0.8159908,-0.27763197,-0.38608637,-0.1747461,1
-0.8661109,-0.1969414,-0.28366962,-0.15055077,1
-0.87168074,-0.26337126,-0.19623262,-0.26363003,1
-0.66254795,0.18959942,-0.6062572,-0.018665478,0
-0.7216092,0.04395692,-0.43289587,-0.07692082,1
0.11317897,-0.08410086,-0.27939767,-0.07958652,0
-0.71632093,-0.6135359,-0.5862138,-0.11675435,1
-0.0898242,-0.06698158,-0.6140753,-0.4545675,0
-0.5235566,0.1987308,-0.729202,-0.07153058,0
-0.89054596,0.08714241,-0.1903283,-0.17055301,1
-0.90863967,-0.22474833,-0.13229126,-0.31534326,1
-0.7632351,-0.60176146,-0.5166793,-0.14420706,0
-0.89043355,0.04604225,-0.32092786,-0.025862373,1
0.10119796,-0.5703356,-0.045690954,0.079419166,0
-0.82784766,-0.18706186,-0.36686045,-0.11149933,1
-0.20556277,-0.52790743,-0.7237807,-0.30824184,0
-0.798476,-0.2239863,-0.49767005,-0.021466933,0
-0.7309208,0.38336283,-0.4954298,0.001604721,1
-0.70425344,-0.5645163,-0.70353776,0.010823607,0
-0.7633724,-0.2833652,-0.49549735,-0.087300055,1
-0.42339993,-0.05731803,-0.70291185,-0.28454548,0
-0.76157933,-0.49397963,-0.42199644,-0.1991144,1
-0.90309954,-0.010266736,-0.21704343,-0.12741627,1
-0.7079903,-0.631256,-0.654215,-0.053206585,0
-0.8916416,0.17690384,-0.16525531,-0.15495327,1
-0.06208849,-0.3046605,-0.6587718,-0.43751347,0
-0.81455255,-0.3777577,-0.3647707,-0.21462142,1
-0.7887484,0.10624951,-0.37048835,-0.046004586,1
-0.9035421,-0.23313823,-0.14031032,-0.29608518,1
-0.2166622,0.12804613,-0.71332884,-0.19868316,0
-0.52623516,-0.11141837,-0.796883,-0.019864246,0
-0.77364415,-0.0349977,-0.58081156,0.047733024,0
-0.8636215,-0.25250152,-0.38762584,-0.10434729,0
-0.87651396,-0.12983166,-0.31863356,-0.10770184,1
-0.85244024,-0.26031208,-0.30747798,-0.17924792,1
-0.8323537,-0.3540184,-0.3429607,-0.18208541,1
-0.8057457,-0.39546734,-0.47016674,-0.07880819,0
-0.8696287,-0.22995755,-0.1667049,-0.29033047,1
-0.6762795,0.21066865,-0.4738665,-0.047016576,1
0.7258414,0.14733076,-0.15403137,-0.24601534,0
-0.08525723,0.8378817,-0.6152079,-0.22936502,1
-0.5184251,-0.2526845,-0.79298043,-0.123422965,0
-0.8481475,-0.13362703,-0.33574295,-0.11192961,1
-0.74465084,-0.680302,-0.5560252,-0.15231603,0
0.5219518,-0.32501304,0.1866638,0.906193,0
-0.8037275,-0.57255316,-0.45650557,-0.1731695,0
-0.76746726,-0.54703677,-0.51031655,-0.121380135,0
-0.71630967,-0.5788089,-0.5429363,-0.13759135,1
-0.88895607,0.026927024,-0.30242875,-0.06070373,1
-0.81997937,-0.4329858,-0.29213065,-0.26383048,1
-0.6529026,-0.039205596,-0.6291956,-0.005770631,0
-0.7539804,-0.21936624,-0.45179904,-0.1244205,1
-0.92078376,0.05621828,-0.16137815,-0.15286867,1
-0.67211694,-0.6139296,-0.6356737,-0.10885315,0
-0.8813719,-0.18393019,-0.21803832,-0.21900928,1
-0.85368997,0.11150336,-0.28419322,-0.089442685,1
-0.7968657,0.05246176,-0.5245968,0.061488643,0
-0.81513333,0.1320734,-0.44499522,0.0009788945,0
-0.6929498,-0.45828164,-0.73388827,0.034568578,0
0.61280286,0.01306808,0.0711804,-0.6262379,0
-0.98086095,0.0069855154,-0.04373473,-0.2177913,1
-0.8510283,-0.3294536,-0.31044972,-0.17533016,0
-0.09733719,-0.4925095,-0.5815844,-0.3458481,0
-0.7689519,-0.55333465,-0.4741889,-0.17480972,0
-0.8572381,-0.060854375,-0.27384478,-0.13960788,1
-0.84439266,-0.29917002,-0.29304948,-0.21433888,1
-0.8485256,-0.3237396,-0.2415071,-0.26099515,1
-0.6844721,-0.51800287,-0.64350617,-0.059093144,1
-0.71953577,-0.44285366,-0.5656612,-0.09080264,1
-0.91923213,0.014460951,-0.19766852,-0.15649334,1
-0.1402719,-0.5510102,-0.6146376,-0.30874997,0
-0.8957106,-0.17823362,-0.24084117,-0.16456765,1
-0.51381224,-0.10887092,-0.7730401,-0.056768924,1
-0.7448126,0.22414497,-0.4937001,0.0052119195,1
-0.7447772,-0.26003355,-0.53136444,-0.035166226,1
0.33718878,0.19283134,-0.44565758,-0.62766606,0
-0.73542213,-0.47111452,-0.5112206,-0.12943913,0
-0.76635104,0.354348,-0.44596195,0.015413031,1
-0.8601663,-0.09092851,-0.2756405,-0.1376585,1
-0.946961,0.07300791,-0.16297415,-0.12164254,1
-0.7391581,-0.52231,-0.5381618,-0.114097536,0
-0.75357884,-0.5176237,-0.48419032,-0.15779413,1
-0.6361751,0.048003107,-0.617417,0.018537953,1
-0.62976825,-0.3013788,-0.76404536,0.008450806,0
-0.7974009,-0.089600615,-0.42095473,-0.09111288,1
-0.2999795,-0.46360284,-0.6482284,-0.35081595,0
-0.9206543,-0.17943424,-0.11721879,-0.29428297,1
-0.8556633,-0.18405844,-0.2516818,-0.194484,1
-0.027539909,0.15693524,-0.6340959,-0.43177733,0
-0.2887564,-0.19506711,-0.7844006,-0.2793526,0
-0.8543904,-0.0015520304,-0.3092483,-0.10885955,1
-0.8147379,-0.40332165,-0.34974435,-0.20151336,1
-0.7969651,-0.012967691,-0.36379424,-0.127204,1
-0.6135804,0.16695487,-0.63875556,0.033779845,1
-0.90693325,0.32584137,-0.22078761,-0.043801114,1
-0.7302136,-0.3879953,-0.5285021,-0.1429953,1
-0.71872336,0.37103856,-0.41058084,-0.021361567,1
-0.7024693,-0.6684658,-0.6162523,-0.116874084,1
-0.597425,0.49835432,-0.63931966,-0.020637833,1
-0.74815613,-0.057366133,-0.4988297,-0.012608282,1
-0.9130504,-0.07112488,-0.15058911,-0.23916334,1
-0.504969,0.018583864,-0.78400636,-0.07646808,0
-0.4309231,-0.3076275,-0.9176273,-0.09368719,0
-0.7073681,-0.38846415,-0.6217111,-0.029070102,1
0.3001014,-0.13792795,-0.5358363,-0.41533798,0
-0.7398572,-0.53725255,-0.5705352,-0.08444739,0
-0.84568626,-0.13957512,-0.31427684,-0.132775,1
-0.8902571,-0.3301919,-0.1345762,-0.33140624,1
-0.5115757,-0.11374046,-0.69463545,-0.22141662,0
-0.95735216,-0.0057662427,-0.09261322,-0.23411939,1
-0.7714751,-0.6775285,-0.5207807,-0.16569096,0
-0.768791,-0.31504363,-0.4152546,-0.16390817,1
-0.8222359,0.40028614,-0.39001036,0.00029558688,1
-0.65997016,-0.4732469,-0.78651965,0.048015326,0
-0.738112,-0.19480918,-0.5701817,-0.021795206,0
-0.5081028,0.032144308,-0.8070679,0.026786223,0
-0.40762576,0.76633424,-0.65755606,0.0023787767,1
-0.7221988,-0.4203967,-0.56004167,-0.103231646,1
-0.7631215,-0.55842674,-0.45607477,-0.1900253,1
-0.7643495,0.20958003,-0.43148527,-0.0172595,1
-0.8831196,-0.12706381,-0.229495,-0.17268592,1
-0.81523025,0.024279237,-0.44114512,-0.012569219,0
-0.8533398,-0.29275236,-0.3074433,-0.161279,0
-0.513785,-0.11934906,-0.6862242,-0.13059929,0
-0.69837594,-0.038864017,-0.5943429,0.019093513,1
-0.8520437,-0.050131366,-0.28020608,-0.16810533,1
0.06561601,0.4670623,0.16465127,-1.0,0
-0.8105366,-0.2101747,-0.3799556,-0.12420286,1
-0.52841705,-0.28223467,-0.87670267,0.028745234,0
-0.6713454,-0.14595984,-0.60714227,-0.09957026,0
-0.13270915,-0.2369948,-0.41757298,-0.45719966,0
-0.67704666,-0.30543572,-0.72072124,0.025071725,0
-0.7634861,0.032653376,-0.42449647,-0.056031514,1
-0.83872753,-0.2409487,-0.34144688,-0.12549911,1
-0.74886996,0.24109554,-0.46525168,0.010847911,1
-0.7996511,-0.18524319,-0.48855126,-0.006757252,0
-0.29781488,0.59096724,-0.779014,-0.09981845,1
-0.86584234,-0.2017577,-0.24225603,-0.21190736,1
-0.5054568,-0.12495834,-0.6967641,-0.14529963,1
-0.82908195,-0.14308684,-0.3970078,-0.13194193,0
-0.7043749,-0.4379353,-0.5857428,-0.09888452,1
-0.79527795,0.17656437,-0.45777598,0.04089047,1
-0.7306768,0.2184059,-0.4813425,-0.015726589,1
-0.6583353,-0.36188865,-0.71033716,0.034008175,0
-0.5318586,0.02938746,-0.7189897,-0.039481983,0
-0.48165375,-0.20800512,-1.0,0.051242113,0
-0.7593925,-0.40725487,-0.48876283,-0.11025467,1
-0.8330831,-0.3252871,-0.28534842,-0.23178221,1
-0.81230056,-0.08795436,-0.41605127,-0.047469318,1
1.0000001,-0.48136348,0.5702512,0.5012048,0
-0.803113,-0.5002733,-0.35593718,-0.24755591,1
-0.7661045,-0.6600411,-0.53015,-0.15314645,0
-0.8091718,-0.3317992,-0.2841952,-0.28751728,1
0.16789478,-0.8594747,0.085585356,0.55895907,0
-0.76634127,-0.42343518,-0.32684344,-0.30207112,1
-0.7095145,-0.52125096,-0.7046852,-0.006632492,0
-0.72960025,-0.74152976,-0.5599685,-0.2206384,0
-0.79014146,-0.20326254,-0.44155818,-0.082209066,1
-0.8860587,-0.18960534,-0.16191712,-0.262616,1
-0.880609,-0.0842336,-0.20922634,-0.18312638,1
-0.671477,-0.3682835,-0.6534119,-0.0527372,0
-0.8213589,-0.24040338,-0.13554224,-0.4500223,1
-0.1655572,-0.33539754,-0.6160003,-0.38245797,0
-0.1275391,-0.5922655,-0.4769691,-0.2291656,0
-0.65983313,-0.46746647,-0.7557505,0.017258957,0
-0.67048824,-0.43588233,-0.67044055,-0.017217226,0
-0.7107861,-0.024707854,-0.47548863,-0.05224234,1
-0.21311209,-0.09981594,-0.7536158,-0.23991151,0
-0.8696651,-0.34827578,-0.25772437,-0.24250486,1
-0.51852167,0.4534306,-0.65972257,0.057625458,1
-0.90983474,-0.22755489,-0.19945127,-0.22098418,1
-0.6196473,-0.27582857,-0.72058254,-0.014914833,0
-0.4608143,-0.18800196,-0.7451806,-0.24780399,0
-0.7021608,-0.086242996,-0.6133102,0.006219052,0
0.13649213,-0.3779217,-0.37839854,-0.20020258,0
-0.849783,-0.35621426,-0.25098294,-0.25578076,1
-0.52058285,0.36976814,-0.7515153,-0.044930547,0
-0.8731488,-0.2544902,-0.22502904,-0.2353318,1
-0.6911438,-0.52051574,-0.6215876,-0.060062125,0
-0.8157342,-0.5271131,-0.42862162,-0.20223376,0
-0.65314025,0.038399905,-0.5485447,-0.024460226,1
-0.6291841,-0.1707718,-0.6856556,-0.041014902,0
-0.7724338,-0.20351806,-0.5058069,-0.03934799,0
-0.22017524,0.37757844,-0.6042042,-0.5365339,0
-1.0,0.23434028,0.022415996,-0.24639358,1
-0.8462148,-0.38137475,-0.23743577,-0.28119427,1
-0.6907419,0.36531234,-0.4889392,-0.02680415,0
-0.8595012,-0.4072252,-0.24165569,-0.27349,1
-0.67008066,0.2960969,-0.496259,-0.01038304,1
-0.7993327,-0.43198287,-0.3096516,-0.25613245,1
-0.8214973,0.09669483,-0.42095503,-0.011232153,1
-0.8562187,-0.26625484,-0.22545885,-0.24543789,1
-0.91269726,-0.049227342,-0.250399,-0.09908885,1
0.30593967,-0.031481296,-0.3863917,0.039712936,0
-0.45354986,-0.10010194,-0.8234465,-0.023840107,0
0.043581545,-0.5250908,-0.06471449,0.42335308,0
-0.6659497,-0.29685166,-0.644486,-0.029593132,1
-0.68438476,0.34160948,-0.54248846,-0.009637162,1
-0.7194113,-0.041643277,-0.5565467,-0.03843473,0
-0.806002,-0.079571314,-0.46821383,0.006938964,0
-0.25796112,-0.18751709,-0.69231087,-0.34069508,0
-0.87995684,0.13450387,-0.22809677,-0.13057128,1
-0.28678674,0.56665844,-0.981163,0.065317154,0
-0.6871767,0.26306444,-0.48433137,-0.012142599,1
-0.8439574,-0.17776091,-0.29051644,-0.19764146,1
-0.65683323,0.3355512,-0.5290777,0.023557827,1
-0.667878,0.28022838,-0.44288045,-0.0518798,0
0.2014246,0.088280916,-0.5949261,-0.23622185,0
-0.7415103,-0.6746279,-0.5475276,-0.15975314,0
-0.69761354,0.00952065,-0.66577506,0.04781273,0
-0.7902213,0.124078035,-0.36105782,-0.14560714,0
-0.8479404,-0.0165122,-0.39069736,-0.026106283,1
-0.040534437,-0.7904372,-0.09192872,0.44408792,0
-0.7555649,0.12751403,-0.47772524,-0.02790466,1
-0.7416652,-0.556324,-0.59323585,-0.089592405,0
-0.70422924,-0.422552,-0.67955434,0.027943283,0
-0.89420927,-0.29108655,-0.18189204,-0.2688883,1
-0.82671183,-0.3453858,-0.36579007,-0.1638398,1
-0.7733152,-0.19928074,-0.52273464,-0.04584088,0
-0.8703089,0.111602694,-0.24666505,-0.13204011,1
-0.75955045,-0.63427365,-0.5589956,-0.13028371,0
-0.58043426,-0.27023482,-0.8209706,0.023632616,0
-0.7437898,-0.021498382,-0.6761849,0.12947835,0
-0.80678594,-0.20338054,-0.377303,-0.1341373,1
-0.09769523,-0.5803863,-0.37248054,0.1851187,0
-0.7452337,0.15315023,-0.43648568,-0.019450419,1
-0.82831156,-0.23491037,-0.31053054,-0.19422485,1
-0.8553798,-0.16072631,-0.31748366,-0.11405346,1
-0.8328211,-0.31731856,-0.28752893,-0.20355633,1
-0.8134977,-0.3669358,-0.36168844,-0.1801549,1
-0.77453333,-0.44731677,-0.4897246,-0.11497511,0
0.12889904,-0.38571948,-0.28159463,-0.21579795,0
-0.82611287,-0.21038839,-0.38883966,-0.094299436,0
-0.6565568,0.10324523,-0.5879264,0.012661397,1
-0.7424287,0.121536076,-0.47260624,-0.027559362,1
-0.76462215,0.13871947,-0.459581,-0.0070063174,1
-0.85729927,0.035989165,-0.37358934,-0.021763131,1
-0.35998055,0.21124178,-0.73727536,-0.060119502,1
-0.7269452,-0.5770185,-0.63189983,-0.047861643,0
-0.8549827,-0.2837227,-0.37900928,-0.1130786,0
-0.7426913,0.1525326,-0.46309882,0.0058669224,1
-0.8739388,0.31361514,-0.31014347,-0.025428228,1
-0.71818995,-0.23249882,-0.5986713,-0.058198668,1
-0.2984719,-0.08374464,-0.8082129,-0.19214946,0
-0.90448034,0.32853764,-0.2081832,-0.13024278,1
-0.7342725,-0.52461183,-0.5613287,-0.095134616,1
-0.594697,-0.12266082,-0.77628636,0.016592517,0
-0.6840051,-0.396067,-0.6737322,-0.032380052,0
0.07015735,0.25733986,-0.47532514,-0.08431606,0
-0.75700295,-0.5255766,-0.5459431,-0.1075383,0
-0.7963556,-0.30889556,-0.44083157,-0.10532578,1
-0.6279819,0.27161902,-0.61877877,0.0052968785,1
0.06830281,-0.36608464,-0.538481,-0.51022035,0
-0.73444825,-0.5040787,-0.5163067,-0.13751918,0
-0.889917,-0.18875569,-0.06821522,-0.39950627,1
-0.85656244,-0.13112164,-0.2997725,-0.13120794,0
-0.66050565,-0.26611578,-0.71050096,-0.009077661,0
-0.7667018,0.26640725,-0.3190683,-0.076484814,1
-0.27810857,-0.20791696,-0.81802475,-0.34331578,0
-0.7979014,-0.30358744,-0.38534388,-0.14726463,1
-0.83726573,-0.08266396,-0.33117086,-0.13981546,1
-0.4886812,-0.29487246,-0.8377205,-0.10623895,0
-0.56617343,-0.4831751,-0.7716102,-0.11071503,1
-0.87153274,-0.25622565,-0.25757444,-0.22975048,0
-0.0063693523,-0.55490386,-0.3613928,-0.23180632,0
-0.8692456,-0.034483135,-0.24393949,-0.16159408,1
-0.81846184,-0.33148497,-0.31791845,-0.20081003,1
-0.8018417,-0.60836756,-0.43194303,-0.21707076,0
-0.33416054,-0.07826108,-0.7327502,-0.23596036,0
-0.75423306,-0.06872571,-0.51806056,-0.072610036,0
-0.7168083,-0.57794905,-0.58900213,-0.094128646,0
-0.80919003,0.43205804,-0.35205725,-0.019159064,1
-0.7242743,-0.6012368,-0.6613717,-0.027544633,0
0.09052259,-0.42097634,-0.15903369,0.020227283,0
-0.6997766,0.438155,-0.48432446,0.023472741,1
-0.6509162,-0.36323026,-0.6754477,-0.06898996,1
-0.8447589,-0.31241035,-0.3414287,-0.15103671,0
-0.9156742,-0.07387744,-0.20880398,-0.15095402,1
-0.9142773,0.050796077,-0.25371796,-0.08577871,1
-0.74334323,-0.20540354,-0.58485234,-0.019666985,0
-0.8561257,0.20489815,-0.3373656,-0.010378264,1
-0.8247581,0.12418863,-0.40367305,-0.01840289,1
-0.6602453,-0.13657323,-0.5965677,-0.06670122,0
-0.46824676,-0.41060832,-0.685862,-0.30326262,0
-0.88045657,-0.31895757,-0.19002041,-0.27840137,1
0.09410405,-0.014743015,-0.23435341,-0.2764089,1
-0.69667274,0.20325357,-0.5405965,0.007142782,1
-0.59013927,-0.19799557,-0.75375205,0.025397375,0
-0.6948077,0.1831452,-0.5505,0.016438782,1
-0.35799262,-0.3801578,-0.8646427,-0.25165737,0
-0.85154057,-0.27719504,-0.26706636,-0.21694523,1
-0.61455023,-0.48927772,-0.82297343,-0.014422104,0
-0.61701035,-0.2633137,-0.7382307,-0.012495644,0
-0.83363724,-0.023061216,-0.38015512,-0.042819396,1
-0.7526958,-0.45751622,-0.50119954,-0.12826212,1
-0.8303835,-0.29785502,-0.36903834,-0.13636668,1
-0.7635365,-0.47356087,-0.5187387,-0.12727079,1
-0.78391534,-0.50554585,-0.36509287,-0.2490727,1
-0.644925,-0.41425818,-0.61000645,-0.10766684,1
-0.7089658,-0.56514955,-0.6696917,-0.02973967,0
-0.24437988,-0.33636427,-0.7346138,-0.311163,0
-0.7470052,-0.5103327,-0.57277983,-0.058706734,0
-0.31645977,-0.61568415,-0.711439,-0.25498462,0
-0.78075546,-0.4182224,-0.485598,-0.090963565,0
-0.84278613,-0.0331147,-0.32765758,-0.098412976,1
-0.8097378,-0.2506765,-0.3509794,-0.16566503,1
-0.7558582,-0.028726637,-0.47917393,-0.025004081,0
-0.6819266,-0.40974662,-0.5560774,-0.18672618,0
0.0026358962,0.2778674,-0.009743959,-0.41363776,0
-0.5777566,0.4002568,-0.6033794,-0.12479346,0
-0.6800635,0.5908575,-0.5346358,0.035915554,1
-0.791661,-0.035676137,-0.41126832,-0.030925661,1
-0.7460403,-0.55503106,-0.58576334,-0.064400405,0
-0.93384856,-0.23119721,-0.08566335,-0.31308675,1
-0.5521611,-0.31655365,-0.72111624,-0.1086758,0
-0.80477995,-0.5345694,-0.45198157,-0.17377968,0
-0.88881534,-0.2706084,-0.12669322,-0.33893627,1
-0.7544128,-0.1049748,-0.3696827,-0.24992386,0
-0.78977734,-0.49097127,-0.39865774,-0.19997162,1
-0.697714,-0.5847168,-0.67702436,-0.026900895,0
-0.7828312,-0.5132496,-0.47784135,-0.12403051,0
0.074968755,-0.47947028,-0.06764901,0.028008416,0
-0.8858034,-0.29749158,-0.17251119,-0.28200582,1
-0.7037739,0.3019858,-0.3536765,-0.15548517,1
-0.76605403,-0.70084906,-0.52605873,-0.18136358,0
0.032113254,-0.46773076,-0.5652318,-0.47276917,0
-0.7037694,-0.6684931,-0.6706434,-0.071524255,0
-0.65701675,-0.19299757,-0.67463917,0.026929632,1
-0.67142594,-0.573542,-0.7595408,0.032364503,0
0.2854547,-0.10672306,-0.49874815,-0.61915064,0
-0.58708394,0.03249976,-0.55502737,-0.219648,0
-0.2961835,-0.3320819,-0.72528124,-0.35203552,0
-0.39853594,-0.35924,-0.769964,-0.18295792,0
-0.7354667,-0.74022967,-0.55107874,-0.20872211,0
-0.88523257,-0.23843193,-0.1660516,-0.28139126,1
-0.67336375,0.3474903,-0.5740151,0.06863673,1
-0.7816141,-0.53914297,-0.3917016,-0.22921455,1
-0.8406844,-0.30442923,-0.31146145,-0.18877745,1
-0.8306392,-0.2547559,-0.35492373,-0.13378623,1
-0.67162085,-0.53051186,-0.78439415,0.07871449,0
0.03392309,0.364259,-0.28143036,-0.4793465,0
-0.8095515,-0.4471276,-0.3671075,-0.20216157,1
-0.78741086,-0.4555027,-0.47207668,-0.11795767,0
-0.88281786,-0.3073039,-0.20272276,-0.2609287,1
-0.90690386,0.053473666,-0.19361854,-0.16788058,1
-0.5679113,-0.4300306,-0.7862861,-0.10433096,0
0.09709126,-0.061071828,-0.49179676,-0.43371025,0
-0.71351206,-0.5048477,-0.67958593,-0.010845698,0
-0.35849166,0.9999999,-0.40346843,-0.7365747,0
-0.71428055,-0.6162938,-0.65605736,-0.04634677,0
-0.8142428,0.13458136,-0.37853646,-0.07415792,0
-0.22890574,-0.5247774,-0.561207,-0.32573557,0
-0.6985999,-0.43852535,-0.6895011,-0.007233523,0
-0.51886886,-0.13229793,-0.79411614,-0.042104155,0
-0.7378324,-0.45986387,-0.5411891,-0.1072825,0
-0.85883427,0.25988683,-0.30329728,-0.04783944,1
-0.75790924,0.2967451,-0.52514184,0.027862534,1
-0.7028339,0.2629068,-0.54103863,-0.03276279,1
-0.7951369,-0.2669442,-0.39341497,-0.13592015,0
-0.8168212,-0.5020015,-0.3498337,-0.24753405,1
-0.7822367,-0.03777939,-0.50801855,-0.0070606843,0
-0.7312551,0.45073557,-0.5349684,0.05748591,1
-0.867321,-0.27180424,-0.23603962,-0.24521425,1
-0.6199728,-0.47916004,-0.7431695,-0.06273197,0
-0.4606468,-0.655753,-0.7040689,-0.23976444,0
-0.7154574,-0.2021378,-0.6006001,-0.047629878,0
-0.3611198,-0.2316294,-0.8130676,-0.38717863,0
-0.8713781,0.23703831,-0.34155336,-0.001161553,1
-0.8386532,-0.37973574,-0.31995216,-0.19752157,1
-0.60729855,-0.57405734,-0.8070651,-0.025041014,0
-0.73255354,-0.1571503,-0.587107,-0.03663165,0
-0.3714208,-0.054959625,-0.8772051,-0.15342239,0
-0.85094243,-0.34047562,-0.2281046,-0.2765919,1
-0.65624857,-0.27430162,-0.7026129,-0.02202437,1
-0.77765954,-0.67030805,-0.4830702,-0.2148597,0
-0.93548906,-0.20103112,-0.069105655,-0.33124793,1
0.10138786,-0.27103132,-0.44425556,-0.14905202,0
-0.6959832,-0.32247832,-0.6663258,0.011749938,0
0.14673907,-0.3644144,-0.18403521,0.14714143,0
-0.7136255,-0.44767484,-0.6801977,0.028931111,0
-0.55817455,-0.07295423,-0.8037466,0.009960964,0
0.048956215,-0.48426527,-0.32263738,-0.4069806,0
-0.87522674,-0.1310786,-0.22898838,-0.19563371,1
-0.8448465,-0.3338259,-0.34759092,-0.14493635,0
-0.8262981,0.34955174,-0.3564425,0.020233601,1
-0.57048213,0.037208527,-0.7421268,-0.021924615,0
-0.8849162,-0.22084117,-0.2169359,-0.21274665,1
-0.6589996,0.040996835,-0.42405742,-0.112134404,1
-0.87338024,-0.2480734,-0.26610422,-0.18085924,1
-0.9088956,-0.13437934,-0.13966882,-0.24951291,1
-0.76064134,-0.51146567,-0.56481034,-0.052272156,0
-0.81127775,-0.32460588,-0.3599262,-0.1722414,1
-0.7056589,-0.6081327,-0.65673816,-0.056503527,0
0.58296216,-0.0033739656,-0.2573458,-0.4255429,0
-0.2708936,-0.43370372,-0.7805562,-0.1778703,0
-0.7259798,-0.2819705,-0.5871311,-0.02977115,0
-0.74742484,-0.30017337,-0.60019445,0.00598146,0
0.08475369,-0.29961663,-0.1681138,-0.2727326,0
-0.8043597,-0.22967479,-0.42503163,-0.09720478,1
-0.048461616,-0.855349,-0.12810501,0.33658978,0
0.6596085,-0.10693144,0.39577603,-0.09102307,0
-0.2366634,-0.08982729,-0.82794297,-0.23463899,0
-0.7648104,-0.23282579,-0.32202584,-0.30538544,1
-0.87999594,-0.1994495,-0.17322317,-0.25400567,1
0.057441235,-0.6466806,-0.17409676,-0.05659049,0
-0.826211,-0.10487895,-0.2541861,-0.21423702,1
-0.8561791,-0.18420012,-0.34668446,-0.12081851,1
-0.74978185,-0.75073195,-0.5617678,-0.18770976,0
-0.4321493,0.55527997,-0.68810445,-0.0038049296,1
-0.40797144,0.29788825,-0.682461,-0.061470978,1
-0.8519115,-0.09909578,-0.3282073,-0.12986897,1
-0.9246551,-0.15598269,-0.15783703,-0.2222102,1
-0.7515448,-0.6816448,-0.51227254,-0.21513721,0
-0.81830835,0.10787612,-0.45762575,0.03972441,0
-0.7348026,-0.7459152,-0.55551827,-0.18789664,0
-0.749056,-0.27681684,-0.60956454,0.052541137,0
-0.749748,-0.585027,-0.43450078,-0.22774294,1
-0.68117416,-0.641101,-0.6610504,-0.0894015,1
-0.88147604,-0.11487688,-0.28944987,-0.1182246,1
-0.72035265,-0.43824363,-0.514089,-0.1630001,1
-0.8639861,-0.41584665,-0.18445647,-0.3669736,1
-0.7297989,-0.71925366,-0.5755369,-0.17933081,0
-0.810887,-0.1350421,-0.43290493,-0.028691329,0
-0.6431632,0.37548083,-0.62003595,-0.018672846,0
0.15918165,-0.36278844,-0.47115272,-0.4706196,0
-0.7263698,-0.6289938,-0.64557666,-0.063222796,0
-0.70727366,-0.75846845,-0.63232005,-0.1372584,0
-0.4594106,0.8277627,-0.72187114,0.02049394,1
-0.9093086,-0.1579831,-0.20556012,-0.16850168,1
-0.5594718,0.294988,-0.55757594,-0.11738945,1
0.029515922,-0.7272769,-0.33022514,-0.021464616,0
-0.8341683,0.14502543,-0.36539125,-0.01236964,1
-0.77262086,-0.07325482,-0.43404227,-0.08625231,1
0.3085667,-0.5705947,0.10718942,0.54218715,0
-0.7234788,-0.75481933,-0.60224473,-0.15492608,0
-0.7183192,0.074374765,-0.5547901,0.0129044205,0
0.27201313,-0.790785,-0.12272143,0.03956923,0
-0.89104587,0.025351807,-0.23599626,-0.11793858,1
-0.8184085,-0.19366239,-0.4792382,-0.038533032,0
-0.64392275,0.7430418,-0.45367566,-0.13818024,0
-0.7049514,-0.33211404,-0.6725336,0.0043561906,0
-0.7581912,-0.65519786,-0.5319243,-0.16134381,0
-0.47046107,-0.02512303,-0.7232514,-0.15537664,0
-0.7306,-0.55027103,-0.61173177,-0.05713922,0
-0.8919085,-0.17868611,-0.21211216,-0.18116385,1
-0.89803857,0.19152376,-0.13502881,-0.15612935,1
-0.8956192,-0.28284174,-0.1351136,-0.3153421,1
-0.5400906,-0.13760999,-0.744735,-0.058283433,0
-0.5816459,0.48514766,-0.5686901,-0.044692457,1
-0.8349817,-0.13525818,-0.40422353,-0.041504726,1
-0.37654802,0.74030775,-0.8628166,0.04866463,1
-0.84870505,-0.36343017,-0.35264724,-0.1605403,0
-0.6793204,-0.25168845,-0.6314084,-0.033706434,0
-0.8312239,-0.4247752,-0.4573678,-0.10741156,0
-0.52196556,-0.003932819,-0.9139657,0.074356586,1
-0.7344489,-0.63939655,-0.6164501,-0.100203395,0
-0.7932118,-0.5147269,-0.46913278,-0.14067939,0
-0.86880577,-0.1767467,-0.22503975,-0.2034779,1
-0.74655294,-0.49912754,-0.613057,-0.043669425,0
-0.74957335,0.11430752,-0.527018,-0.0068133995,0
-0.7499012,-0.41667864,-0.5920012,-0.005173184,0
-0.8179743,-0.36844808,-0.332352,-0.22816542,1
-0.5188019,-0.5928548,-0.9170674,-0.030401535,0
-0.83724123,-0.13326457,-0.36819744,-0.089956716,1
0.70104015,-0.2828285,0.6039901,0.35445127,0
-0.69708526,-0.245413,-0.58166826,-0.0155064985,1
0.09289694,-0.6914086,-0.09272447,0.14870024,0
-0.89881134,-0.014557496,-0.2629187,-0.08435388,1
-0.754825,0.052039802,-0.44179708,-0.13633426,0
-0.8273347,0.07142094,-0.3430155,-0.054810807,1
-0.63537604,0.03187339,-0.5460535,-0.05269066,1
-0.8773921,-0.07365178,-0.24745083,-0.21330667,1
-0.60333884,0.34414488,-0.6361344,-0.01371333,1
-0.736801,-0.5060673,-0.5576801,-0.12581712,0
-0.8369321,-0.0020694435,-0.43151474,0.0055384636,1
-0.6799024,-0.838568,-0.6778485,-0.14079337,0
-0.8432004,-0.3267812,-0.33199966,-0.17139086,1
-0.6511933,0.49506938,-0.5829439,0.06573762,1
-0.50042164,0.5341408,-0.81140625,0.016685933,0
-0.8261925,-0.2073609,-0.33056715,-0.16432822,1
-0.8295613,-0.3008831,-0.39105186,-0.10981195,0
-0.83710515,-0.15619762,-0.44274536,-0.0026266202,0
-0.276491,0.13983837,-0.87269646,-0.28150368,0
-0.4969549,-0.007189214,-0.6866279,-0.07888882,1
-0.7177202,0.45364076,-0.25718594,-0.2244683,1
-0.42054814,-0.04177469,-0.757473,-0.21392134,0
-0.77128965,-0.3912211,-0.47997576,-0.13800491,1
-0.86898744,-0.3172949,-0.20580664,-0.27570143,1
-0.7261367,-0.64525616,-0.61000526,-0.08808127,0
-0.6835526,0.5302094,-0.34505132,-0.19970998,0
-0.48725435,-0.13088411,-0.6949864,-0.13653487,1
-0.7940572,-0.067272596,-0.5167066,-0.01685144,0
-0.6077029,0.5401872,-0.6303492,0.007058732,1
-0.82599413,-0.15455827,-0.40835404,-0.085837685,1
-0.63741386,-0.024723932,-0.60474867,-0.019783355,1
-0.81402856,-0.075381376,-0.36143458,-0.11244518,1
-0.65563816,-0.7910607,-0.7183038,-0.090683386,0
-0.87643576,-0.32644266,-0.19723672,-0.2752049,1
-0.7846566,-0.6211902,-0.47436824,-0.19901228,0
0.06612784,-0.07274588,-0.3554853,-0.6222826,0
-0.6780197,-0.7047575,-0.6621741,-0.104975104,1
-0.7033456,-0.57629013,-0.6767241,-0.031583086,0
-0.9194282,-0.31154704,-0.10842213,-0.3300882,1
-0.09152216,-0.57765484,-0.50050104,-0.3823055,0
-0.60342395,-0.24966657,-0.5999149,-0.12941602,1
-0.86706847,-0.06853702,-0.28726718,-0.1208094,1
-0.66956335,0.32433116,-0.6018142,0.068149015,1
-0.82153225,-0.28865102,-0.35467136,-0.16940093,1
-0.6303452,-0.3104508,-0.7689811,0.0078969225,0
-0.8665312,-0.3914793,-0.21639398,-0.2919364,1
-0.8645317,0.022338957,-0.29876152,-0.08314119,1
-0.78268313,-0.13282548,-0.35930476,-0.14012118,1
-0.71266866,-0.57348937,-0.6455223,-0.059235197,0
-0.6133773,0.26377353,-0.61613536,0.031250954,1
0.85963225,-0.3368804,0.41770566,0.36265573,0
-0.8004737,-0.34475967,-0.4404787,-0.10876143,0
-0.7085217,-0.45213014,-0.621038,-0.08763504,0
-0.7588661,-0.46708596,-0.53183556,-0.090124786,1
-0.5977882,0.008114621,-0.66151667,0.031431228,1
-0.7619519,-0.115918025,-0.4284988,-0.11359637,1
-0.75966734,-0.4038651,-0.46473935,-0.15820259,1
-0.4892338,-0.37983614,-0.7866592,-0.17021409,0
-0.81546617,-0.25496012,-0.39434597,-0.1062353,1
-0.54834676,0.015088454,-0.81972885,-0.021582484,0
-0.7040283,-0.116724215,-0.6268531,0.012212411,0
-0.87148935,0.346564,-0.2948929,-0.022238418,1
-0.8209479,-0.43915877,-0.2978803,-0.25589663,1
-0.8016562,-0.37626332,-0.3903811,-0.18256536,1
-0.2831336,0.24705046,-0.7116075,-0.2913195,0
-0.7378626,-0.62900555,-0.57724524,-0.10780634,0
0.13499767,0.05322671,-0.27679646,-0.48600748,0
-0.11786008,-1.0,-0.13432226,0.60426027,0
-0.16595033,-0.8329841,-0.2726158,0.2106576,0
-0.7984272,-0.40502137,-0.36086577,-0.2094343,1
-0.80648184,-0.18748708,-0.38780305,-0.12937567,1
-0.8103168,-0.13135555,-0.4004985,-0.07025254,0
-0.47896832,0.04122725,-0.5802874,-0.1347482,1
-0.72486144,-0.61452246,-0.611336,-0.080873325,0
-0.51919556,0.29162413,-0.7362672,-0.02554167,1
-0.7148419,-0.35852492,-0.5539258,-0.0711762,1
0.14100635,-0.4661445,-0.18436009,-0.059695605,0
0.061424136,-0.8741011,0.023888767,0.5676343,0
-0.8310633,-0.39642227,-0.29586646,-0.23416704,1
-0.87641776,-0.22575268,-0.10000411,-0.3736609,1
0.20638603,0.23223227,-0.39447257,-0.41098312,0
-0.9048157,-0.32820052,-0.14394042,-0.30436364,1
-0.88934547,-0.133307,-0.2070674,-0.19860277,1
-0.8437252,-0.1717114,-0.29619384,-0.17502922,1
-0.47089982,-0.1398657,-0.8596642,-0.03277325,0
-0.87361264,0.28377065,-0.27167946,-0.052649807,1
0.3870653,0.22594407,0.012659192,-0.20119423,0
-0.7796526,-0.54238284,-0.5095217,-0.11389985,0
-0.92661,0.14985749,-0.14141783,-0.19388323,1
0.12118167,-0.5312269,-0.20735028,0.11556943,0
0.029767811,-0.36407238,-0.49670315,-0.42689618,0
-0.48571235,0.18948138,-0.6897565,-0.029615365,1
-0.519095,-0.15677038,-0.7976377,-0.07068777,0
-0.0198645,-0.9362192,0.08556539,0.768328,0
-0.8531375,-0.18274179,-0.30320832,-0.13980302,1
0.016527295,-0.47255564,-0.3978181,-0.28667438,0
-0.7437658,-0.60781443,-0.60667765,-0.07339314,0
-0.7297048,0.25415283,-0.49723023,0.017680034,1
-0.68009007,-0.3535995,-0.59035456,-0.12285523,1
-0.77434075,-0.63719165,-0.51708645,-0.16464469,0
-0.8825257,-0.28398618,-0.18584344,-0.26746488,0
-0.21631661,0.23846135,-0.7388236,-0.21423484,1
-0.7300168,-0.46603096,-0.5276887,-0.16209935,1
-0.44782877,0.5893813,-0.771824,0.0026802719,1
-0.6613552,0.49980348,-0.5131981,0.034238964,1
-0.8031444,-0.37844735,-0.34017253,-0.22138296,1
-0.8473958,-0.07550174,-0.391468,-0.04361035,0
-0.6944383,-0.045500025,-0.5741831,0.027100995,1
-0.7588784,-0.50335693,-0.48162565,-0.15549344,1
-0.7601638,-0.46719047,-0.4451892,-0.18104479,1
-0.802117,-0.057878762,-0.38751864,-0.11661024,1
-0.8100135,-0.2068294,-0.4063146,-0.10676325,1
-0.8457241,-0.5454104,-0.3576818,-0.2499027,0
-0.61873674,0.085237,-0.640534,0.000428468,1
-0.5893794,-0.3794531,-0.7759933,-0.0609224,0
-0.19656253,-0.69345,-0.2097969,0.47940832,0
-0.76107574,-0.12291831,-0.484396,-0.073208146,1
-0.79965067,-0.40322065,-0.39481843,-0.16610688,1
-0.65486056,-0.101876386,-0.69154066,0.07113288,0
-0.4744895,0.024232,-0.7591065,-0.12422898,0
0.32233614,-0.029572159,-0.24928547,-0.552698,0
-0.16908178,-0.030545592,-0.8440064,-0.38689452,0
-0.54881585,0.41522455,-0.6710187,0.0015538931,1
-0.6730627,-0.6033722,-0.7003461,-0.02858781,0
-0.8944808,0.43063718,-0.21013907,-0.06421316,1
-0.8778265,-0.24753535,-0.19034207,-0.261015,1
-0.08061808,-0.58925545,-0.433391,0.018958881,0
-0.79985815,-0.43793774,-0.38897324,-0.18950504,1
-0.3714952,0.33680493,-0.5793222,-0.273881,0
-0.73278093,-0.65032256,-0.5820664,-0.12175696,0
-0.7989179,-0.1327844,-0.431535,-0.07646757,0
-0.3424702,0.364011,-0.7363982,-0.010961242,1
-0.88551766,-0.19536515,-0.16403112,-0.24669778,1
-0.770115,-0.5352381,-0.55712634,-0.09399835,0
-0.46862346,-0.21003054,-0.95101213,-0.07220219,0
-0.75092626,-0.6135809,-0.5612056,-0.12153199,0
-0.8514334,0.2760416,-0.35332975,-0.029502213,1
-0.7650194,-0.696586,-0.5340164,-0.1798613,0
-0.8338815,-0.29808187,-0.31275475,-0.18091376,1
-0.7155659,-0.4534821,-0.5436418,-0.13539156,1
-0.87183464,-0.035179958,-0.2987765,-0.08108272,1
-0.857465,-0.39021724,-0.26595157,-0.26889592,1
-0.78756595,-0.12209739,-0.3975186,-0.10117122,1
-0.8732568,-0.22766261,-0.24982522,-0.18789229,1
-0.7265858,0.28688166,-0.21763271,-0.21784201,1
-0.5109546,0.52612704,-0.6169746,0.036337778,1
-0.73629326,-0.72894555,-0.5465633,-0.1874101,0
-0.7725532,-0.586784,-0.41995388,-0.233874,1
-0.70793974,-0.4100385,-0.6547986,0.002339609,0
-0.85743284,-0.18199947,-0.32843775,-0.12188019,1
-0.2075012,-0.65672517,-0.5677312,-0.25810224,0
-0.26562202,-0.39005664,-0.8393544,-0.2367172,0
-0.30455306,-0.41199932,-0.86800575,-0.2386848,0
-0.87946945,-0.03404975,-0.30333716,-0.07800069,1
-0.73755735,-0.20549412,-0.53777844,-0.07290579,1
-0.76008284,0.2977918,-0.33447105,-0.24910809,0
-0.7260633,-0.6801983,-0.57290095,-0.13625772,0
-0.7084473,-0.3103508,-0.62452376,0.024653777,0
-0.659236,0.08772361,-0.6287674,0.010450475,1
-0.79592985,-0.30128458,-0.38820928,-0.16065109,1
-0.65715986,0.31298405,-0.50756556,0.007360086,1
-0.7334399,-0.497501,-0.534853,-0.14781292,1
-0.7019202,-0.3677584,-0.69874716,0.0056835115,0
-0.7698682,-0.5731753,-0.5014777,-0.17119382,0
-0.7028533,-0.7104829,-0.64699066,-0.09671659,0
-0.6977266,-0.2877826,-0.64009964,-0.025438853,1
-0.78493416,-0.4270392,-0.55710024,-0.027623802,0
-0.81773823,-0.30600455,-0.38777277,-0.124834865,1
-0.7492111,-0.5701959,-0.6029275,-0.05656904,0
-0.87682414,-0.026755184,-0.26061174,-0.1405961,1
-0.73416734,-0.7584617,-0.5506799,-0.20628057,0
-0.7761142,-0.012034401,-0.42247108,-0.09620319,1
-0.6407435,0.21513996,-0.63246787,-0.056087412,0
-0.64093465,-0.71188027,-0.67064255,-0.19304594,1
-0.74071175,-0.6878433,-0.57753706,-0.14630872,0
-0.86172485,-0.18915193,-0.37640986,-0.06231585,0
-0.8133435,-0.3308692,-0.3379894,-0.1874966,1
-0.8347915,-0.25951463,-0.32310432,-0.17603828,1
0.5004426,0.38746,-0.520217,-0.3858991,0
-0.7445494,-0.33238924,-0.5591019,-0.03456758,0
-0.7538441,-0.27560508,-0.6138197,0.040564537,0
-0.76595104,0.13481212,-0.38300067,-0.041427366,1
-0.88663185,-0.089881144,-0.34264177,-0.03717012,0
-0.1000492,-0.3374236,-0.64738923,-0.45229012,0
-0.5901621,0.09699184,-0.7870482,0.075547814,0
-0.644644,-0.043610126,-0.70063263,0.020294115,0
-0.6385437,-0.38699263,-0.78670895,0.024405852,1
-0.75398993,-0.6669419,-0.5859523,-0.118542135,0
-0.81546474,0.3128139,-0.38123506,-0.004341267,1
-0.4219355,0.8358396,-0.7673284,0.008607596,1
-0.6359654,-0.35600585,-0.7510426,-0.01839947,0
-0.4465409,-0.32148498,-0.93689966,-0.02782689,0
-0.7731614,-0.65065765,-0.49461895,-0.20202526,0
-0.70402884,-0.64271027,-0.5736106,-0.15610099,1
-0.24208808,-0.48613635,-0.6989704,-0.31958568,0
-0.708076,-0.11927838,-0.5819615,-0.033720635,0
-0.67852336,-0.34031263,-0.7096516,0.04290557,0
-0.7373854,0.2734195,-0.48554707,0.03190121,1
-0.24684879,-0.1442111,-0.63326466,-0.2769692,0
-0.8122999,0.18502373,-0.3193015,-0.10142521,1
-0.46086055,-0.12646171,-0.8319188,-0.14737926,0
-0.70299166,-0.54443717,-0.6623997,-0.04093653,0
-0.120787084,0.20612636,-0.75935,-0.33003515,0
-0.8766504,-0.22033823,-0.16496074,-0.28947282,1
-0.866006,-0.34625784,-0.20381287,-0.28312647,1
-0.1658268,0.090471774,-0.7436148,-0.22374688,0
-0.9116734,-0.16563173,-0.1779893,-0.20229319,1
0.2605406,-0.34513468,-0.31361094,-0.6022178,0
-0.6587377,-0.2890461,-0.66462636,-0.051127315,0
-0.83625394,-0.1682787,-0.27577043,-0.18169117,1
-0.8693342,-0.36062342,-0.18733379,-0.30515802,1
-0.93007374,0.22874355,-0.1274257,-0.1728687,1
-0.13728905,-0.3332981,-0.60464996,-0.31792387,0
-0.7977768,-0.034560755,-0.31493127,-0.1295355,1
-0.8694252,-0.33853585,-0.2699481,-0.2146903,1
-0.82979965,-0.4840408,-0.30785748,-0.2813509,1
-0.722041,-0.3223975,-0.63941574,0.01700382,0
-0.63466287,-0.06582337,-0.74258065,0.04449664,0
-0.77634573,0.25615025,-0.40397614,-0.026680686,1
-0.8606461,-0.15167324,-0.29267228,-0.13874714,1
-0.86897445,-0.06488309,-0.27790168,-0.121875554,1
-0.24302694,0.029147327,-0.82308173,-0.35247064,0
-0.8544302,-0.3139266,-0.20666644,-0.29912576,1
-0.71431696,-0.49724612,-0.6663594,-0.022791266,0
0.7624899,-0.45765033,0.30890048,0.1921033,0
-0.7479563,-0.14871483,-0.47919425,-0.111608416,1
-0.9109299,0.45488936,-0.19932711,-0.049852125,1
-0.76326525,0.2349036,-0.42433736,-0.063506246,0
-0.79998255,-0.5009986,-0.4835335,-0.11737333,0
-0.8715434,-0.22082281,-0.23705567,-0.21352333,1
-0.89610183,-0.19140026,-0.2449532,-0.1638904,0
-0.8554068,-0.029476956,-0.31513047,-0.094804846,1
-0.65284586,-0.497787,-0.7185034,-0.04420021,1
-0.7099948,0.6169858,-0.53988254,0.056332633,1
-0.83320284,-0.34423217,-0.29895908,-0.2244891,1
-0.30786195,-0.179557,-0.7987858,-0.20446974,0
-0.75644016,-0.12676553,-0.49519148,-0.07024641,1
-0.20350283,-0.5002505,-0.6235349,-0.30285102,0
-0.62747544,0.33323896,-0.6099375,0.023565322,1
-0.8901986,-0.06434699,-0.25879216,-0.14151813,1
-0.60817385,0.31120983,-0.67104554,0.059400693,0
-0.5686631,-0.09049314,-0.5792582,-0.16863072,0
-0.7496348,-0.48787242,-0.55785125,-0.07725996,0
-0.72232723,-0.6768375,-0.6197445,-0.10573481,0
-0.43877506,-0.18206367,-0.88840556,-0.07380727,0
-0.51880103,0.6706283,-0.68240255,-0.010874376,1
-0.7098805,-0.7268934,-0.64715165,-0.09667136,0
-0.7313265,0.34870678,-0.52982825,0.089841574,1
-0.6651076,-0.13733354,-0.6092036,-0.06931886,1
-0.800302,0.06212288,-0.42565316,-0.013599135,1
-0.8725372,0.059023976,-0.290685,-0.06818576,1
-0.75519735,0.15927541,-0.4517746,-0.017691344,1
-0.6744108,-0.22452193,-0.6957429,0.038668856,0
-0.68223566,-0.5645665,-0.6574464,-0.10180418,1
-0.78613293,-0.26109105,-0.48051906,-0.10264661,0
-0.908371,-0.10629885,-0.15213683,-0.23444137,1
-0.514418,-0.4217655,-0.8327549,-0.15522105,0
-0.7816508,-0.20049192,-0.3803516,-0.23579082,0
-0.70520717,-0.5951444,-0.65962183,-0.04437521,0
-0.63914746,-0.09313133,-0.69875324,-0.018219367,0
-0.79769886,-0.2838636,-0.405284,-0.12619963,1
-0.28620613,0.44689143,-0.6009905,-0.40602338,0
-0.7124609,-0.54154986,-0.63509464,-0.050407484,0
-0.8045561,-0.11855583,-0.36098784,-0.16423145,0
-0.6409079,0.03128241,-0.52282286,-0.100669675,1
-0.86733943,-0.31629845,-0.21560943,-0.26033452,1
-0.71248746,-0.4258939,-0.5521371,-0.05770201,0
-0.8573636,-0.27013302,-0.2206519,-0.25069138,1
-0.8195268,-0.38303524,-0.45551997,-0.089692324,0
-0.59965086,0.5661899,-0.63351697,0.06826736,1
-0.7395703,-0.7493518,-0.56873345,-0.17667867,0
-0.8463692,-0.26007068,-0.29680777,-0.17431818,1
-0.4736238,-0.27699357,-0.83934605,-0.036973745,0
0.47003353,-0.10981844,0.51594675,0.9999999,0
-0.7252265,-0.058726892,-0.5280018,-0.032736003,1
-0.43623236,0.4606614,-0.6709168,-0.079605505,1
-0.78944135,-0.46559662,-0.38674182,-0.23203905,1
-0.7947687,-0.49394244,-0.37124383,-0.23337974,1
-0.029669762,-0.050505474,-0.45697904,-0.32450992,0
-0.13288903,-0.6467185,-0.30389166,-0.1909411,0
0.58964694,0.30394435,0.19590586,-0.41727558,0
-0.8167142,-0.2824643,-0.34010208,-0.17813122,1
-0.77558744,-0.3640106,-0.40824446,-0.18709236,1
-0.29492018,-0.330951,-0.91462636,-0.23857327,0
-0.58644736,-0.3154149,-0.8019634,-0.0004198104,0
-0.7349529,-0.30173346,-0.6136767,0.024050802,0
-0.6785489,-0.15518288,-0.56163114,-0.04888367,1
-0.75721186,-0.26050484,-0.5535149,-0.019113027,0
-0.8871551,-0.06939331,-0.264409,-0.11947219,1
0.08114034,-0.5338098,-0.014593452,0.2771778,0
-0.74138975,0.10485619,-0.4845682,0.0054018274,1
-0.7128051,-0.60000336,-0.6809944,-0.01606115,0
-0.8591519,-0.10074215,-0.26670945,-0.16509172,1
-0.85520434,-0.34127364,-0.2216534,-0.26758856,1
-0.6819135,-0.7265627,-0.66987604,-0.094103955,0
-0.8215698,-0.42123443,-0.3136837,-0.2360565,1
-0.93293273,0.3143652,-0.052222997,-0.21357311,1
-0.9279447,0.3668247,-0.19884229,-0.074068464,1
-0.8765845,-0.17245945,-0.21662137,-0.22153851,1
-0.96246535,-0.10601991,-0.05198422,-0.2729866,1
-0.6507085,0.263488,-0.53806746,0.0040177777,1
-0.7402746,-0.72388625,-0.5264293,-0.21091735,0
-0.5726921,-0.3406462,-0.82923293,0.045569524,0
-0.71955967,-0.6783848,-0.59418595,-0.12727755,0
-0.8381875,-0.006118715,-0.38161898,-0.05396143,1
-0.9001881,0.1870158,-0.22650392,-0.08583319,1
-0.26361525,-0.3418728,-0.7740141,-0.38139006,0
-0.86107385,-0.23388922,-0.21000329,-0.25123194,1
-0.8754887,0.02565685,-0.32042697,-0.07892138,0
-0.6417393,0.46435302,-0.56786984,0.030607238,1
-0.8696594,0.0245274,-0.2147128,-0.23207426,1
-0.7365279,-0.449195,-0.52537847,-0.13107473,1
-0.7760513,-0.52357507,-0.38699818,-0.2374047,1
-0.7470402,-0.45436293,-0.6079196,-0.026256755,0
-0.54899734,-0.182956,-0.8037379,-0.09371199,0
-0.7726485,-0.67195374,-0.45744777,-0.26207754,0
-0.84326744,-0.13832581,-0.29186672,-0.16198571,1
-0.88066596,-0.31056622,-0.21846765,-0.25085655,1
-0.73142993,-0.16753212,-0.5566661,-0.043298177,1
-0.8077902,-0.49079287,-0.4164666,-0.17987064,0
0.3706149,-0.61007947,0.08328396,0.4719587,0
-0.84791315,-0.32102376,-0.33361065,-0.17363523,0
-0.7414906,-0.28225428,-0.514647,-0.029133894,0
-0.89254713,0.069230825,-0.25513822,-0.12760095,1
-0.7877305,-0.38277417,-0.35338312,-0.23546138,1
-0.93376815,0.4180832,-0.18232113,-0.035955943,1
-0.8196268,-0.29001603,-0.3024044,-0.19891533,1
-0.8838479,-0.07846131,-0.25516218,-0.1603574,0
-0.88331056,-0.050444096,-0.23099153,-0.1347155,1
-0.4800614,0.17915002,-0.66120034,-0.27186513,0
-0.8353341,-0.56005687,-0.37945634,-0.22429743,0
-0.875034,-0.21937217,-0.38978437,-0.0586791,0
-0.7498694,0.06811893,-0.5461877,0.054635867,0
-0.7898302,-0.37737548,-0.5158027,-0.06111882,0
-0.70953196,-0.55498517,-0.68671036,-0.00057798624,0
-0.763614,-0.48586142,-0.4966153,-0.11284268,1
-0.692596,-0.19405547,-0.5409436,-0.07549162,1
0.20695376,-0.8554593,0.042093813,0.36478627,0
-0.70131344,-0.64490503,-0.67378795,-0.06431507,0
-0.83539873,-0.1692611,-0.34310085,-0.11735599,1
-0.31658846,-0.34493822,-0.84475255,-0.22120345,0
-0.40614492,0.69672865,-0.78771126,-0.01737845,1
-0.84658945,-0.2788781,-0.31364104,-0.17448118,1
-0.6462788,-0.44505385,-0.7937164,0.037814483,0
-0.05983746,-0.17730819,-0.70612526,-0.35879695,0
-0.4508071,-0.17703263,-0.85298514,-0.08763248,0
-0.8898761,-0.065402396,-0.25563714,-0.11441848,0
-0.7278007,0.21854097,-0.43059376,-0.09341819,1
-0.8670187,-0.3504158,-0.2538951,-0.23856781,1
-0.8636295,0.2206665,-0.3291691,-0.01935979,1
-0.64363724,-0.14666285,-0.5851671,-0.062118366,1
-0.43942255,0.092789024,-0.7800249,-0.1177303,0
-0.4819086,0.25087202,-0.7445204,-0.033190683,1
-0.6682634,0.33291763,-0.49355245,-0.02571728,1
-0.6880419,-0.25132817,-0.5323716,-0.19023028,0
-0.8126307,-0.33182243,-0.37786233,-0.17208433,1
-0.893556,-0.1923301,-0.17152157,-0.25392842,0
-0.9037939,0.17828238,-0.23177423,-0.10816836,1
-0.6173409,-0.46385098,-0.7508365,-0.026600368,0
-0.70973474,0.13866708,-0.55248857,-0.041193157,0
-0.8140583,-0.5864086,-0.42840225,-0.20337723,0
-0.82233226,0.23854026,-0.4031129,0.01651436,1
-0.28284952,-0.45402426,-0.695536,-0.31969622,0
-0.7136248,-0.59089357,-0.68541515,-0.016763575,0
-0.7286644,-0.6617491,-0.61263794,-0.108694136,0
-0.82456034,0.08432436,-0.30991286,-0.11902699,1
-0.86695015,-0.3008753,-0.31097943,-0.1586893,0
-0.8606406,0.30932358,-0.25454238,-0.07805756,1
-0.7210123,-0.4858418,-0.53189975,-0.1444226,1
-0.747682,-0.710498,-0.5592205,-0.15911451,0
-0.5365891,0.12206647,-0.79051054,-0.036329754,0
-0.7942685,-0.42355627,-0.36428523,-0.21146739,1
-0.6985411,-0.3505773,-0.6332204,-0.036169037,1
-0.6568312,0.12931597,-0.5436873,-0.021656416,1
-0.72243154,-0.5754813,-0.63276535,-0.045399845,0
-0.8152963,0.0047884434,-0.36460465,-0.08653835,1
-0.8338826,-0.22565325,-0.32546583,-0.15318584,1
-0.5307053,-0.27274176,-0.88251346,0.029185817,0
-0.898486,-0.17130645,-0.20766252,-0.21252523,1
-0.30799332,-0.0010552704,-0.9016453,-0.17747647,0
-0.76084846,0.19276124,-0.4329142,-0.03861446,1
-0.66071415,0.135079,-0.48467886,-0.100203514,1
-0.74515164,-0.25011778,-0.52179813,-0.060582332,1
-0.9444791,-0.020733431,-0.061736137,-0.26922292,1
-0.090013206,-0.2709117,-0.59531,-0.60830164,0
-0.54544437,-0.059540838,-0.71383876,-0.18334982,0
-0.7199829,-0.3949284,-0.67684937,0.0443037,0
-0.80717254,-0.16809109,-0.3915214,-0.11742328,1
0.48992896,0.22987717,-0.19734132,-0.56880593,0
0.028523088,-0.73164594,0.18301755,0.54066116,0
-0.8285217,-0.08038709,-0.38871944,-0.064783506,1
-0.2028268,0.83387935,-0.76899344,-0.103406444,1
-0.79466724,0.14536464,-0.44938374,-0.0291901,1
-0.88659424,0.28526923,-0.2850218,-0.049269237,1
-0.72135335,-0.5730183,-0.64639294,-0.034642145,0
-0.90596914,-0.22171909,-0.14500058,-0.31620756,1
-0.7224724,-0.37264532,-0.5926349,-0.058364667,1
-0.90623736,-0.20786545,-0.16567624,-0.26922476,1
-0.47329196,0.5265214,-0.43380818,-0.25506088,1
-0.8153935,-0.2760378,-0.4252087,-0.087164156,1
-0.9020954,0.018183291,-0.20566785,-0.16271216,1
-0.5855398,0.034997985,-0.8073721,0.001139693,0
-0.6576133,-0.026875392,-0.68282276,0.025702119,0
-0.7272289,-0.32064927,-0.629063,0.0014054999,0
-0.7796557,-0.6322768,-0.46070346,-0.20000605,0
-0.65075135,-0.2675187,-0.6888182,-0.014236011,0
-0.8313091,-0.3480485,-0.31416047,-0.20977658,1
0.04068923,-0.22129878,-0.2242161,-0.5977315,0
-0.851906,-0.3536449,-0.26744217,-0.23441628,1
-0.69573754,-0.6303823,-0.62862617,-0.08133127,0
-0.65781784,0.18657729,-0.5654596,0.022653192,1
-0.80522233,-0.3828031,-0.34594494,-0.20271756,1
-0.12888235,-0.75130296,-0.130597,0.4849007,0
-0.76363224,-0.3890704,-0.4757688,-0.12264322,1
-0.752423,0.28094447,-0.27372813,-0.16288164,1
-0.36469603,0.092941314,-0.7543211,-0.2874325,0
-0.15032011,-0.67817914,-0.31942302,-0.033165455,0
-0.70330673,-0.658484,-0.6328453,-0.09816775,1
-0.8334715,-0.34607,-0.2800406,-0.24378313,1
-0.6588744,-0.20421246,-0.68572575,-0.006447606,0
-0.9032358,-0.06660219,-0.18655154,-0.18765278,1
-0.7436931,-0.5718204,-0.5576133,-0.11946502,0
-0.7750027,-0.5040546,-0.50833803,-0.11830535,0
-0.69236994,-0.5531247,-0.6740622,-0.014757268,0
-0.84478164,-0.20022032,-0.338547,-0.13816866,1
-0.7330947,-0.58839536,-0.5486778,-0.13876104,1
-0.23094645,-0.20739432,-0.68805444,-0.32816535,0
-0.6459684,0.18406746,-0.4871924,-0.1836007,0
-0.39740154,0.5447705,-0.78814805,-0.014836676,1
-0.82386434,-0.19456641,-0.34981227,-0.13967012,1
-0.5663867,-0.33525681,-0.8119587,0.0030690208,0
-0.9014162,0.1197243,-0.21399924,-0.12382663,1
0.7370584,-0.5505942,0.9851682,0.90759766,0
-0.52756315,-0.002236724,-0.7403846,-0.14070374,0
-0.8086836,-0.44849226,-0.36559692,-0.21148449,1
-0.0019264817,0.025424346,-0.46945223,-0.26655042,0
-0.6992874,0.096625835,-0.47930017,-0.08818823,1
-0.20728701,-0.10177256,-0.8622861,-0.2855459,0
-0.73274416,-0.7299523,-0.5601202,-0.18120119,0
-0.83945006,-0.42375755,-0.28321034,-0.25391877,1
-0.7798288,-0.47718197,-0.3852917,-0.22866932,1
-0.6533664,-0.057078972,-0.59132904,-0.03340192,0
-0.8286971,0.20808944,-0.3699102,-0.0012482256,1
-0.898837,-0.2625288,-0.25796694,-0.19739543,0
-0.16260633,-0.4546456,-0.7290066,-0.40129274,0
-0.75350887,-0.12447463,-0.511838,-0.053744473,0
-0.75661886,-0.3034984,-0.5779599,-0.008121736,0
-0.46028924,-0.5804221,-0.89375126,-0.10544054,0
-0.6436787,-0.4307393,-0.75210273,-0.014152236,0
-0.742405,-0.23913755,-0.5641377,-0.02415637,1
-0.77246755,-0.15657125,-0.47577077,-0.09878893,0
-0.8187921,-0.4308702,-0.32199103,-0.242556,1
-0.78257453,-0.32975647,-0.49653894,-0.06400049,0
-0.7806071,-0.057338446,-0.4864547,-0.020685636,1
-0.61606973,0.5328758,-0.6969593,0.114488035,1
-0.8239708,-0.11255543,-0.3991049,-0.07652712,1
0.67445135,0.32333094,0.046581626,-0.4057756,0
-0.5603312,-0.001258865,-0.6909515,-0.018043451,1
-0.78907514,-0.486998,-0.45376575,-0.14922297,0
-0.9061247,0.33210742,-0.20809662,-0.07429314,1
-0.18242016,0.46847612,-0.50340015,-0.6031679,0
-0.8001845,-0.11939714,-0.4621408,-0.048162565,0
-0.9441903,0.098217815,-0.15796873,-0.11858415,1
-0.8132247,0.041634873,-0.28144962,-0.12847582,1
-0.7066493,-0.5141799,-0.6716979,-0.019442685,0
-0.78840876,0.036512315,-0.39939603,-0.039801225,1
-0.1257605,-0.6881536,-0.069716215,0.5739708,0
-0.8655915,-0.09485344,-0.26959932,-0.20478961,1
-0.86841357,-0.34785652,-0.2078178,-0.28285277,1
-0.45849153,-0.2996114,-0.83685625,-0.10070242,0
-0.7490739,0.22564554,-0.35935715,-0.11559815,1
-0.92577064,-0.09092274,-0.11059964,-0.25118905,1
-0.7842883,-0.42965543,-0.42221832,-0.16506264,1
-0.7282017,-0.73682,-0.5664056,-0.17554343,0
-0.72415674,-0.019192174,-0.6459024,0.057655007,0
-0.80729926,-0.22331204,-0.35955754,-0.14346758,1
-0.72421944,-0.13990581,-0.61044484,0.002731286,0
-0.48719633,-0.062421225,-0.73491615,-0.08698025,0
-0.18020293,-0.01564245,-0.7124363,-0.35303706,0
-0.2752774,0.7515994,-0.6532151,-0.057930656,1
-0.72894484,-0.39701128,-0.66743004,0.04179983,0
-0.81817317,-0.47894385,-0.37944514,-0.21293889,1
-0.73486906,-0.31844974,-0.570636,-0.047661938,0
-0.73297584,0.27346227,-0.4813965,0.044505283,1
-0.69161963,0.2419194,-0.3901581,-0.07540488,1
-0.12971038,-0.20170288,-0.6984642,-0.41628736,0
-0.7203865,-0.5017242,-0.6041846,-0.067674756,1
-0.75226384,-0.42355877,-0.51817894,-0.108203374,0
-0.851843,-0.21854106,-0.31927443,-0.14005977,1
-0.5102691,-0.3701464,-0.8004309,-0.18252875,0
-0.85072184,-0.31471288,-0.24691157,-0.25945753,1
-0.8388668,0.08809194,-0.31353432,-0.12167213,1
-0.35383612,0.060989678,-0.843122,-0.19849569,0
-0.7384421,-0.7433293,-0.5510374,-0.19274421,0
-0.67132574,0.17827147,-0.5015591,-0.03460069,1
-0.7850259,0.17268199,-0.3471579,-0.056899782,1
-0.9003774,-0.28062743,-0.16337997,-0.27307132,1
-0.6855322,0.21346855,-0.52120924,0.0056092814,1
-0.7477701,-0.13061652,-0.5967542,0.011110127,0
-0.78914887,-0.07337964,-0.5039382,0.019085526,0
-0.6522941,0.16985804,-0.5154,-0.116824575,1
-0.3226389,0.1284768,-0.5857807,-0.38599047,0
-0.7145558,-0.55365115,-0.6538943,-0.021504372,0
-0.7733859,0.19462162,-0.41949314,-0.015328854,1
-0.36975342,0.7751011,-0.71027493,-0.10802359,1
-0.65451175,0.4756139,-0.59795505,0.07640463,1
-0.9155654,0.18475983,-0.22178698,-0.057556678,1
-0.82760715,-0.35350162,-0.3236521,-0.19358736,1
-0.6353877,-0.1391648,-0.65761125,-0.061484016,0
-0.8719774,0.15716675,-0.2151154,-0.12442394,1
-0.55838436,-0.1909896,-0.78069574,-0.017280139,0
-0.8065732,-0.39419603,-0.3905844,-0.16378695,1
-0.24111855,-0.28022176,-0.8044789,-0.22568277,0
-0.8432426,-0.024372354,-0.4304295,0.0051189438,0
-0.4832353,-0.28114676,-0.8696527,-0.07673453,0
-0.8681941,-0.25372437,-0.22381775,-0.24182269,1
-0.6037482,0.24463508,-0.61335254,0.020280436,1
-0.7781874,-0.35142383,-0.44316047,-0.15834709,1
-0.14416829,-0.24055327,-0.6572461,-0.42583844,0
-0.7890831,0.35772955,-0.4752641,0.023306519,0
-0.69587183,-0.58728707,-0.678197,-0.036499552,0
-0.93192124,-0.009071276,-0.11841634,-0.21051645,1
-0.25612402,0.16436893,-0.47844717,-0.3013062,0
-0.73966044,-0.49347073,-0.6087038,-0.039880186,0
-0.80086815,-0.37381774,-0.4793084,-0.061991353,0
-0.80618596,-0.35216093,-0.42815915,-0.11422942,0
-0.5861046,-0.28865105,-0.7713412,0.005472414,1
-0.81696355,-0.47257975,-0.49121204,-0.116431065,0
-0.79266727,0.042029426,-0.3458549,-0.11903018,1
-0.7130783,-0.56721705,-0.6162884,-0.06637336,0
-0.589322,-0.260113,-0.7762449,-0.015786283,0
-0.7430877,0.33149236,-0.27428436,-0.24927036,1
-0.6563726,0.12854251,-0.5931531,0.024507552,1
-0.23937824,-0.18679623,-0.48365173,-0.36472005,0
-0.70465535,-0.45028618,-0.68926764,0.013384372,0
-0.81147647,-0.4260813,-0.3869412,-0.17085493,1
-0.8695369,0.1990172,-0.31351596,-0.04598231,1
-0.7957412,-0.14329451,-0.4329537,-0.13691497,1
-0.62738985,-0.27388436,-0.79701567,0.04395795,0
-0.68727106,-0.50535876,-0.61723995,-0.10691723,0
-0.7369375,-0.3889448,-0.5772353,-0.044481486,0
-0.66885054,-0.19188187,-0.7903593,0.06534788,0
-0.67468417,0.3741442,-0.51273006,0.060213,1
-0.74364996,0.14483872,-0.43818784,-0.00637123,1
-0.43267643,-0.5595674,-0.8499216,-0.1614762,0
-0.24314874,-0.33379716,-0.5737173,-0.38035887,0
-0.80876255,-0.48494542,-0.41933298,-0.18563844,0
-0.33487993,0.058358923,-0.5484519,-0.17472893,1
-0.8349465,-0.070590235,-0.31933784,-0.14454423,1
0.39144468,-0.1572626,-0.39277405,-0.51079863,0
-0.66179174,0.22822046,-0.59002054,-0.020774305,0
-0.44406298,0.11098164,-0.8501047,-0.089894034,0
-0.8733672,-0.2528122,-0.2746257,-0.18807372,1
-0.84231454,-0.15631779,-0.31391504,-0.17020048,1
-0.8720628,-0.046424225,-0.30866063,-0.08444485,1
-0.8119453,-0.28251594,-0.4807689,-0.045737714,0
-0.71224725,0.21521035,-0.5291383,0.044603705,1
-0.7913215,0.4473337,-0.40173057,0.03345707,1
-0.9075339,-0.13889173,-0.19308043,-0.2018547,1
-0.2832797,0.22602084,-0.7123683,-0.44301403,0
-0.27659735,0.2170453,-0.6939287,-0.25183654,0
0.46516204,-0.53170645,0.040744603,-0.07711142,0
-0.7087451,-0.5823678,-0.6802165,-0.011689901,0
